device_name,mac_prefix,uuid_entropy,rssi_jitter,adv_interval,service_count,packet_loss_rate,label
Huawei_Watch,78:85,2.2284043529063147,2.2712584006546463,219.3700315892974,4,0.012479561626896212,1
Huawei_Watch,00:25,2.7063233020424544,1.8426760281837011,241.6145155592091,7,0.07759278817295955,1
Unknown_Sensor,FF:FF:FF,2.720118521720475,0.2021026677707387,278.59808067241914,2,0.02433937943676302,1
Galaxy_Buds,20:AB,2.302361513049481,0.9407041084356922,210.13352105002832,5,0.003733253057089234,1
Unknown_Sensor,FF:FF:FF,1.9762703962817991,1.4313889573859968,241.33167305074244,4,0.03059695930137302,1
Unknown_Sensor,FF:FF:FF,2.2701389395206553,0.32541611434399387,209.3580733422589,2,0.03603994015756344,1
Galaxy_Buds,20:AB,2.6759424231521916,2.0784741658562145,154.83047845120672,8,0.01847150604977192,1
Unknown_Sensor,FF:FF:FF,2.0721982418614817,0.5295032340809028,189.13184382002862,4,0.013869172280621766,1
AirPods,00:1F,2.5637655990477874,1.2481065826145863,204.01360423556216,6,0.045416026225599315,1
AirPods,A4:83,2.689599342216499,1.5794099200874376,179.0300472003629,8,0.04783199830488681,1
Unknown_Sensor,FF:FF:FF,1.924502999447586,1.740198730894578,193.75016680464825,3,0.02602642646106115,1
Unknown_Sensor,FF:FF:FF,2.471516143178595,1.6571687574505152,205.6152098194927,2,0.02247476077499046,1
Unknown_Sensor,FF:FF:FF,1.8587989366293063,0.9999384654010224,129.74804903134046,2,0.07895095492804138,1
Unknown_Sensor,FF:FF:FF,2.0133459736282404,0.9924180717387028,102.5343680887152,4,0.05654858750780937,1
Huawei_Watch,00:25,2.639889242680162,0.5777071641618169,171.6931457088545,3,0.07319677404350246,1
AirPods,00:1F,2.166787081543288,1.3899638052758392,233.76825053272145,9,0.05836849426704513,1
Unknown_Sensor,FF:FF:FF,1.8571383308870835,1.715357249788793,168.92683745568218,4,0.0570595829778396,1
AirPods,00:25:96,2.4928940382986475,2.3503212318909465,198.75911927287814,5,0.05685303117486299,1
Galaxy_Buds,38:A4,2.307535551306039,0.7437822451378717,261.2374472212335,4,0.025148478486106133,1
Unknown_Sensor,FF:FF:FF,2.4041709123539654,0.5761949268958644,208.7951282700071,4,0.060444091083443896,1
Unknown_Sensor,FF:FF:FF,2.725709641725375,1.816936759519047,225.0612879471468,5,0.07437581218740584,1
AirPods,00:1F,2.5433826295572963,2.5915054164505222,260.7344153798229,8,0.033320795829629296,1
Galaxy_Buds,48:03,2.227041514703692,0.5685935003414814,164.1336108538555,4,0.021770579950770825,1
Huawei_Watch,00:1E,2.1003642638967213,1.2461652552020057,160.95625163160582,5,0.03339288025190232,1
AirPods,00:25:96,2.183905757133578,1.310276411368707,288.5819407825038,5,0.03230689368464327,1
Galaxy_Buds,20:AB,2.1777407897540413,0.8431273382449227,225.3347691111619,6,0.024070264785341574,1
AirPods,00:25:96,2.2867467099926997,2.843875893998367,182.20740266364626,9,0.02760569984213464,1
AirPods,A4:83,2.5764938160883366,1.7742429999611273,189.55663291461832,8,0.00646826610661722,1
Unknown_Sensor,FF:FF:FF,1.8089288071901195,2.1661841412520206,166.20096388946558,5,0.07867385127158744,1
Galaxy_Buds,48:03,2.571502311253569,2.0563592749660127,127.1291579137773,6,0.014921480831988338,1
AirPods,A4:83,2.513625060231769,2.1261544684214777,103.31756578557123,7,0.06476008369117724,1
Unknown_Sensor,FF:FF:FF,2.338724627532285,0.6707893583134769,224.36879285844387,5,0.04142010804219841,1
Unknown_Sensor,FF:FF:FF,1.6787772273897912,1.1208791478356979,120.42523382330603,4,0.043315837906205266,1
Galaxy_Buds,48:03,2.1599850152581097,0.6849008396110596,276.7903017992984,7,0.04237204626848052,1
Galaxy_Buds,20:AB,2.0651719374641293,2.273874667497319,262.0752502893995,6,0.01509656866731035,1
AirPods,A4:83,2.5902504809809397,2.531986741371934,271.2648583756185,5,0.05136253169234302,1
Huawei_Watch,78:85,2.2131400998662296,2.55653005246499,221.28581193191798,5,0.029782621324939446,1
AirPods,A4:83,2.781564685728722,1.1814103393699176,161.0727720688787,6,0.055351615815415464,1
Unknown_Sensor,FF:FF:FF,2.792794701394067,0.6749981822288325,103.25356545079376,3,0.026031975852741418,1
Unknown_Sensor,FF:FF:FF,1.9764094199577178,2.209260412252718,229.76918636538326,5,0.04546468826683773,1
Unknown_Sensor,FF:FF:FF,2.1614582998903877,1.9180980691019174,145.08312734900514,3,0.07784084438019565,1
AirPods,A4:83,2.724432588623979,2.014732702393431,258.9622607083297,5,0.04615231077010873,1
Unknown_Sensor,FF:FF:FF,2.6234178345934738,0.8215002242521992,189.85480837925542,5,0.0019452773145163071,1
AirPods,00:25:96,2.7961853575581386,1.6278668335782631,155.91206835935174,7,0.059817501911793115,1
AirPods,00:25:96,2.39972890382212,2.819971565704807,292.7239954178506,5,0.0060277004804902565,1
AirPods,00:25:96,2.233637721805242,1.1443396565363764,197.05597485526314,6,0.044544100996668015,1
Huawei_Watch,00:1E,2.587220857672481,1.768146808214476,119.4352987541537,4,0.0203330919255791,1
Galaxy_Buds,38:A4,2.2257855349670206,2.1670735488342836,124.59183965956518,8,0.023720811491823878,1
Galaxy_Buds,48:03,2.1793448605161205,1.6453301639044973,114.68695247204326,4,0.050231553195890885,1
Unknown_Sensor,FF:FF:FF,2.3449531100110947,2.095310568595799,243.2426804984982,5,0.0709293719160528,1
Huawei_Watch,00:1E,2.1657873578886084,1.7878723383908177,107.18845475934842,3,0.012403329338219535,1
Galaxy_Buds,20:AB,2.5872534514485546,2.192890160285686,145.04524489285552,5,0.06580804485277267,1
Galaxy_Buds,48:03,2.088942358856319,1.4489351721205697,238.59883955774995,7,0.07722014643126159,1
Huawei_Watch,00:1E,2.1361772048180256,1.675251115763555,208.1270243220213,6,0.010619633779437586,1
Galaxy_Buds,38:A4,2.2260695310588723,2.0494096284911483,148.74980522717337,7,0.05952341143992923,1
Galaxy_Buds,20:AB,2.129033572031959,0.4779205265578349,177.0966054892194,7,0.03271623555314159,1
Galaxy_Buds,38:A4,2.1095059298697603,0.8505343759621098,198.8607996471017,4,0.0528157901374185,1
AirPods,00:25:96,2.7684056964642356,2.2709526000698443,210.87081050228014,9,0.033568004994223195,1
Unknown_Sensor,FF:FF:FF,2.235848373642299,0.6283454086347258,121.62963660501559,2,0.0092858112405533,1
AirPods,A4:83,2.128510161623279,2.5531054016264174,240.73157187600472,8,0.001372888146540019,1
Galaxy_Buds,20:AB,2.331430239546396,0.6810441138020334,178.09329686283513,5,0.04926800784417732,1
AirPods,00:1F,2.2826255363391996,0.5367308966969234,286.6872616158966,5,0.043150195872005005,1
AirPods,A4:83,2.760976117987617,2.581277440532009,227.28071948920226,8,0.04603793423007032,1
Galaxy_Buds,48:03,2.450301752909647,1.3081563590813368,198.2110220768683,8,0.05007517360812583,1
AirPods,00:25:96,2.5560393403004515,0.9960424637041889,154.79222546422676,8,0.008062240110194132,1
Galaxy_Buds,20:AB,2.06611007252915,1.8026149015159851,112.81395672284121,8,0.06759002487755637,1
Galaxy_Buds,38:A4,2.5701279378122552,0.9200805045014799,121.26966897189813,8,0.027866928356255788,1
Huawei_Watch,78:85,2.1274304286729526,1.403070476117389,293.5161103040495,6,0.014195163502377825,1
AirPods,A4:83,2.7933535994004712,1.4902824245874235,174.40361715855664,9,0.019087748783227214,1
Huawei_Watch,78:85,2.617936132313162,0.9717667657695507,175.54577723525898,3,0.04042018979582857,1
Unknown_Sensor,FF:FF:FF,2.0065035120849646,1.0036149711751392,117.99727968913541,5,0.0008670121184238688,1
AirPods,A4:83,2.1639006737502937,1.2663527302169957,290.012393410161,8,0.04587503104986289,1
Huawei_Watch,78:85,2.164192903080937,1.8458582221626854,210.74061046916015,7,0.0601899623550144,1
Huawei_Watch,78:85,2.1794252214122136,2.634229853649502,294.84964170688204,4,0.035322440109870165,1
Huawei_Watch,78:85,2.345640508786455,0.6809608394262541,128.59833641056719,4,0.06695710993898991,1
AirPods,00:25:96,2.6869365346347895,1.5226195401126585,144.5152835142061,5,0.0657488047432285,1
Galaxy_Buds,38:A4,2.0569441464493297,0.48664297098742226,277.5951241302116,8,0.029651371765351275,1
Unknown_Sensor,FF:FF:FF,1.8076907517867022,2.650773007141075,206.53997298783116,5,0.030100766842473262,1
Huawei_Watch,00:25,2.644002841149206,1.7401701993659322,184.84440184939524,4,0.02642020232152788,1
Galaxy_Buds,48:03,2.1775775217111972,1.1914445909191178,202.8651445369019,7,0.009505433301445754,1
AirPods,A4:83,2.5544472114812447,2.2905077102370157,216.67375301943193,5,0.029989646361896327,1
AirPods,00:25:96,2.708019389732622,1.0366300124466863,292.64450788812223,8,0.07823205350034167,1
AirPods,00:25:96,2.3258804717943087,0.6041618799156147,284.9286660447192,8,0.005903725178831909,1
Huawei_Watch,00:25,2.778511774933369,1.6554348260083573,225.8797276270525,3,0.050204646406725076,1
Galaxy_Buds,48:03,2.6308106073436925,0.3999820367512073,150.57337412660146,7,0.00854048527487075,1
AirPods,00:1F,2.231684811806633,1.6128761718559572,170.67044560521055,6,0.021275033997139117,1
AirPods,00:25:96,2.281964903997984,1.5877780323891943,106.46319022193009,5,0.02476220930290622,1
Unknown_Sensor,FF:FF:FF,2.2836164466302877,0.9315856347908507,123.97332254027495,4,0.06580297943385352,1
Galaxy_Buds,48:03,2.5080036558718524,1.6495134310587378,175.2837465323114,5,0.044127029803525605,1
AirPods,A4:83,2.3878785816097583,2.3662454809645412,196.07401637327092,5,0.03013911759503526,1
Galaxy_Buds,48:03,2.2750926142852013,2.1241612855543317,202.43466444983457,4,0.03749545278359762,1
Huawei_Watch,00:25,2.2913849503514943,0.535301191962225,272.94447525101066,3,0.04274770200235705,1
AirPods,00:1F,2.73921602658035,1.9043588775811326,245.22416881436962,6,0.06797179125419292,1
AirPods,00:25:96,2.4153808947170656,0.8099825963635879,290.8102054517445,9,0.016578211920644518,1
AirPods,00:25:96,2.62989939252056,0.6125515226989278,153.73449640506146,6,0.03985321493167143,1
Galaxy_Buds,38:A4,2.5819600430437513,0.9771099274963089,246.94943233835122,7,0.044875037722830906,1
Galaxy_Buds,48:03,2.282438006348678,0.5948335025914095,105.18088173640102,8,0.049624764108277174,1
Galaxy_Buds,48:03,2.1490749130562374,0.6000172462908935,102.61803982021874,5,0.04719341494837065,1
Galaxy_Buds,48:03,2.3062324454166103,2.2891491278862466,162.68598406419406,4,0.06269224101929145,1
Unknown_Sensor,FF:FF:FF,1.8873472870045356,1.61372614524053,225.5755368688234,2,0.011765878474323034,1
Unknown_Sensor,FF:FF:FF,2.5947188395243224,2.2760779015515733,111.92247601333585,2,0.07840260602283816,1
AirPods,00:1F,2.3301261272012557,2.020162050360142,148.0291237556386,7,0.04298107333712561,1
Huawei_Watch,00:25,2.5093362741644074,1.3607211733846754,239.53351473938636,6,0.014550406751931587,1
Unknown_Sensor,FF:FF:FF,2.0351595786647865,2.560657533106926,192.74248987555796,5,0.013785589696130387,1
Galaxy_Buds,48:03,2.0286080313865353,0.671657138758762,150.14626102575255,8,0.0025443745188132106,1
Galaxy_Buds,20:AB,2.374096452612766,1.0831812653983695,260.95910732126663,4,0.04027338166838855,1
AirPods,A4:83,2.127518497888769,2.418584957381702,225.58007789818157,7,0.07366979204254506,1
AirPods,00:25:96,2.2938143537030427,2.4348830715033474,249.65193807673168,9,0.07890055966934521,1
Huawei_Watch,00:25,2.746829231375203,0.9666796794817704,251.99108178751712,4,0.05979767505070052,1
Galaxy_Buds,48:03,2.1767058610408148,1.8693690889460155,261.1372307836959,6,0.04256907882122525,1
AirPods,00:1F,2.413188656776418,1.7782814394920556,148.49410072694593,5,0.05899241648750553,1
Unknown_Sensor,FF:FF:FF,1.5260925571110442,1.0696137470745812,138.06064125937803,3,0.04282684512124188,1
AirPods,00:25:96,2.3400488049947823,1.6375278594333347,171.02086065586096,5,0.039875375914324586,1
Huawei_Watch,00:25,2.615775732776439,1.7385814382810496,217.30708693215183,6,0.010206424223645101,1
AirPods,00:25:96,2.3541576074790447,2.050201379195843,214.15566093378237,7,0.07892121990343838,1
AirPods,00:25:96,2.266058754215196,0.7442779342889689,130.57182783686642,8,0.0680654014268917,1
Galaxy_Buds,38:A4,2.5641054207188008,0.42243767658534576,251.6165263536727,6,0.041960911165620375,1
Unknown_Sensor,FF:FF:FF,2.406049901076348,2.8925899438746647,261.38984733532374,5,0.07755763466202951,1
Unknown_Sensor,FF:FF:FF,1.506890008316887,2.832681339951885,188.33478026658122,3,0.05349145759395448,1
AirPods,00:1F,2.4897340251097506,1.8718704547277596,155.99581873205682,8,0.016406204811956728,1
Galaxy_Buds,38:A4,2.497666735185724,0.7389152401443035,232.52449306572788,7,0.009186945979136283,1
Galaxy_Buds,38:A4,2.202041387268179,1.5787240871297472,127.78528874935641,7,0.025651375372761142,1
Huawei_Watch,78:85,2.3584613370569274,1.4902431333258392,209.72062358763066,4,0.07919681859119562,1
AirPods,00:1F,2.1615076778698596,0.8331794562608489,100.54217988286594,5,0.047651099248627544,1
Unknown_Sensor,FF:FF:FF,2.28793244537259,2.3445815149094487,119.20586502041849,2,0.06644955262301833,1
Unknown_Sensor,FF:FF:FF,2.031073780816692,2.7189327811698774,278.3673057623303,3,0.014498645293252812,1
Huawei_Watch,78:85,2.618784454503041,1.7787354716317885,268.3657553516544,5,0.06362138494879122,1
Galaxy_Buds,38:A4,2.5775928736849583,0.710090970933917,142.42451429169995,5,0.07262929043700128,1
AirPods,00:25:96,2.5118146730565396,2.139156952201118,190.38972025980786,7,0.04992812353454701,1
AirPods,A4:83,2.407121272771837,1.8859670501747017,171.07249036367918,6,0.04348422888911909,1
Unknown_Sensor,FF:FF:FF,1.7977330082022351,1.665693138656204,177.6750657645597,4,0.05021664424571343,1
Unknown_Sensor,FF:FF:FF,2.4018328896243397,0.6501730519821345,258.1532407672189,2,0.04267688735810572,1
Huawei_Watch,00:25,2.6520180478571715,0.7640197113586029,162.34441355910965,7,0.06228575512406009,1
AirPods,00:1F,2.243181215218624,2.2137537973366737,198.79629742617254,6,0.0273665398972726,1
Galaxy_Buds,20:AB,2.077442215868645,2.16219504181594,122.94795921975684,8,0.043188850969026936,1
AirPods,A4:83,2.3862686239598454,2.352516753435788,102.44061446360891,7,0.055515875557368005,1
Unknown_Sensor,FF:FF:FF,2.4310327971528376,1.8173792848987813,248.8237890056341,3,0.07267604490669027,1
Galaxy_Buds,38:A4,2.2805959917345477,1.316412768017092,270.5110011301268,7,0.07294819270743717,1
Unknown_Sensor,FF:FF:FF,2.157655282549806,1.8509264356735489,103.25983308775129,5,0.047437032420705724,1
Unknown_Sensor,FF:FF:FF,2.2346731386659715,2.080957224467609,266.0498886119132,5,0.05210937687905969,1
AirPods,A4:83,2.524700532467999,1.5179136111257263,247.28884712494457,5,0.0740454810325421,1
Huawei_Watch,78:85,2.1792666320885288,2.763618877509603,267.77961728918683,3,0.026571713012395116,1
Galaxy_Buds,48:03,2.159176934613979,1.6373676663473693,168.2750257093988,8,0.026815779331672073,1
Unknown_Sensor,FF:FF:FF,2.52412685532884,1.8300481356713751,120.56811401002379,5,0.04299164823503383,1
Huawei_Watch,00:1E,2.3424421960561728,1.2326876845509465,247.50024962194968,3,0.04696545793092538,1
Huawei_Watch,00:25,2.19859991426586,0.8233287676149359,199.67355454789595,7,0.073187672085448,1
AirPods,00:25:96,2.5064118451946302,2.0174342910068725,102.61889131766672,9,0.04121389459254501,1
AirPods,00:25:96,2.204063909427179,1.495097896944857,117.06993361572877,9,0.014757029713508488,1
Huawei_Watch,78:85,2.3169558483880275,1.353563477098235,185.3577810673499,5,0.027950959923946642,1
Galaxy_Buds,20:AB,2.437483190935737,1.1309970843683725,250.58166639261992,6,0.005256691154268189,1
Galaxy_Buds,48:03,2.3173021843236192,1.4536585925206762,179.33729444888107,5,0.03976095590569992,1
Huawei_Watch,00:25,2.172087035531921,1.2024707471451572,115.10067276077784,5,0.029864745302380237,1
Galaxy_Buds,48:03,2.4507996802673113,1.199215176415812,104.56954401886208,7,0.06718310875652565,1
Huawei_Watch,78:85,2.3855891467553914,1.7241342286224155,150.77771280866085,5,0.040440630328482705,1
Unknown_Sensor,FF:FF:FF,1.635341156579946,2.3597734305076115,132.13803916978006,2,0.04453772678266929,1
Unknown_Sensor,FF:FF:FF,1.6292738105871487,0.856564915698526,230.00804773401865,5,0.06454801191700688,1
Unknown_Sensor,FF:FF:FF,2.016338588503991,2.0038298687407443,136.89717317484778,4,0.02591920488854397,1
Galaxy_Buds,48:03,2.4432685424376723,1.9189901490312054,252.66305718403902,8,0.07011552607002351,1
AirPods,00:1F,2.7248701977538823,2.461864548172258,168.3634703395752,6,0.06600858651381278,1
Huawei_Watch,00:25,2.1239596775743705,2.393570815756599,169.03842897625512,3,0.034890122330825335,1
Unknown_Sensor,FF:FF:FF,1.7853636826052464,2.8312776160369486,240.35657946184554,2,0.06947743807183303,1
Unknown_Sensor,FF:FF:FF,2.780977505914255,1.4718767222732987,132.77928498788498,3,0.001797544665609392,1
Galaxy_Buds,20:AB,2.379143950262607,1.6936520836175242,146.41978337797642,6,0.033736314764262545,1
Galaxy_Buds,38:A4,2.63040061086547,1.8206880867412398,222.97309416018663,5,0.04237293429240649,1
Galaxy_Buds,20:AB,2.191838654481044,1.5191916055347456,217.25566990333556,5,0.057616206530583663,1
AirPods,00:1F,2.1980129770623145,1.1328411263230795,153.29967867417645,7,0.04779304817362467,1
Unknown_Sensor,FF:FF:FF,2.3230274823646817,1.5345393953733326,203.1929880722921,2,0.03350164199136585,1
Unknown_Sensor,FF:FF:FF,2.502184790183551,1.3394973607868557,163.6968477810249,3,0.059042689314109637,1
Huawei_Watch,78:85,2.522206476626472,0.9888378632351703,177.8591228083953,5,0.028453817317195932,1
AirPods,A4:83,2.3079852009362227,1.8593711367125532,195.21008043981993,9,0.03870039535459302,1
Galaxy_Buds,48:03,2.1835848310098775,1.6091714475405607,109.25664642716507,6,0.04774742791335114,1
Galaxy_Buds,20:AB,2.5396385426220753,0.534516156894298,113.52480071244558,4,0.033023484048540185,1
AirPods,A4:83,2.518800240787708,1.6032356306267146,115.18668207392442,6,0.06395327031751834,1
Unknown_Sensor,FF:FF:FF,2.758009204669212,0.21418531010763928,118.55687428247407,2,0.007326565866130732,1
Huawei_Watch,78:85,2.1957730416432732,2.6805696491699256,189.20115459159115,6,0.04335207579026865,1
Unknown_Sensor,FF:FF:FF,2.4859101381293858,1.9251633404025068,236.62645219699297,2,0.0553821251614282,1
Galaxy_Buds,20:AB,2.6323546688452177,1.7226628220577596,224.77153806224646,4,0.07552474717492906,1
Huawei_Watch,00:1E,2.5117846298789517,2.7984483989580036,211.1613162874359,4,0.025028388520447004,1
Huawei_Watch,78:85,2.611716570020797,0.862237666685513,123.05640424945688,5,0.07554131912907472,1
Galaxy_Buds,48:03,2.6034298556925197,2.158008676777155,157.43808518378603,5,0.05156373205006577,1
Galaxy_Buds,48:03,2.2552880746201143,1.533489826807731,186.59113909193556,6,0.055703102070251184,1
Unknown_Sensor,FF:FF:FF,2.07334181027261,1.2921107141409969,203.0369966980238,5,0.04315930339002698,1
AirPods,00:1F,2.323126752052449,2.0021393034488217,277.1955496472374,6,0.07013323022899597,1
Galaxy_Buds,48:03,2.323359995402911,2.4787508893519097,100.04275424365922,8,0.04231497072217696,1
Unknown_Sensor,FF:FF:FF,2.7123668822528284,0.3890802055181718,101.70737805312966,2,0.061375063114490154,1
AirPods,00:1F,2.435912934212736,2.006013111724088,274.7354228372677,5,0.06146187310916146,1
AirPods,A4:83,2.3949499015939493,2.27019752381334,147.75542915366046,7,0.037384861323012206,1
Unknown_Sensor,FF:FF:FF,1.8734106891503062,1.0000319252311731,142.0493951889838,2,0.022181251655741887,1
AirPods,00:1F,2.1315704740542265,0.7627222368298763,178.32602810807123,8,0.017460311029205134,1
Galaxy_Buds,20:AB,2.5504415100908866,0.49670420508697094,175.1645396412871,6,0.07229791737402164,1
Galaxy_Buds,20:AB,2.520346976025537,0.4429701008623669,172.28444255658775,8,0.051971731919389474,1
AirPods,A4:83,2.458881957711556,1.0536075481226208,135.30560640110167,6,0.00293855499412909,1
Galaxy_Buds,48:03,2.578343987055776,2.0616933116857252,213.36002613930756,4,0.041460829334111375,1
Unknown_Sensor,FF:FF:FF,2.7933801694403657,0.6695171728926157,171.32356340247856,3,0.03929490726949013,1
AirPods,A4:83,2.671083187493432,1.0386573724079855,144.7635229645246,5,0.04743519478733625,1
Galaxy_Buds,20:AB,2.0640407861784285,2.230413897786837,147.8080076659671,7,0.03813414626642947,1
Huawei_Watch,78:85,2.696535473342905,0.4850136842045082,165.8102730739742,3,0.044068589648731143,1
Huawei_Watch,00:1E,2.385917249149489,1.2944524408295535,151.95075675206525,7,0.0039026865338538477,1
Galaxy_Buds,38:A4,2.673485380814435,0.5408314921197985,261.00638757425213,8,0.06809655312390149,1
Unknown_Sensor,FF:FF:FF,2.6477781498786994,1.5934133551977647,263.1724695000244,4,0.027824736632175443,1
Galaxy_Buds,48:03,2.605145016215144,1.914601821698144,193.82685619247468,7,0.06804653832753936,1
Huawei_Watch,78:85,2.3338062151216663,0.972856075122442,286.0180701019477,6,0.04948891025721475,1
Galaxy_Buds,48:03,2.6171459929392453,2.414893634006796,183.78460157859706,5,0.010309589397875615,1
Huawei_Watch,78:85,2.6204557794041254,0.7858237505159398,263.5934048238124,7,0.040597418700866895,1
Huawei_Watch,00:1E,2.300926693222439,1.8806246041017811,296.23723560548467,3,0.009267508542420613,1
Galaxy_Buds,20:AB,2.5458917766058007,0.5353574054193085,236.98502245036505,5,0.034579262711400986,1
Galaxy_Buds,48:03,2.274505848011638,0.6948941115324335,235.66579012909347,7,0.013900278024605344,1
Unknown_Sensor,FF:FF:FF,1.5881881768367234,1.0126016307564039,227.47097595615068,3,0.05668576036821035,1
Galaxy_Buds,20:AB,2.040544322391159,0.4643277190672788,253.43463865575657,8,0.035676664560825716,1
Huawei_Watch,00:25,2.516077101459982,1.3206694249734923,113.12522891480259,3,0.0258888175319633,1
Huawei_Watch,00:25,2.2767561247818677,0.4024707516295202,131.7876566553513,4,0.0797699600126169,1
AirPods,A4:83,2.415970917030773,0.892697170860006,258.96190974998586,9,0.023869954479199408,1
Unknown_Sensor,FF:FF:FF,1.6070953593005954,2.0373481156017252,217.81201857060432,4,0.06944434580258343,1
Galaxy_Buds,20:AB,2.6605311441173196,1.2234000972374692,214.9346705795354,6,0.021937216187893602,1
Huawei_Watch,00:25,2.38653380442053,2.5458380888299224,145.99092117821723,7,0.016028731483897014,1
AirPods,00:25:96,2.6004468281415734,1.8506006872241183,194.30649202050256,7,0.07745547423317774,1
Galaxy_Buds,20:AB,2.6080362175689276,2.0085130761418317,238.76593203592935,5,0.060881919275439914,1
Huawei_Watch,78:85,2.191871414377671,0.47806283077900463,284.1695695631374,5,0.014836709974132348,1
Huawei_Watch,78:85,2.100862284616498,1.8359854362938246,221.46128965253425,6,0.034424471591957016,1
Galaxy_Buds,20:AB,2.112577828354733,1.7333428269649824,158.6665835113735,5,0.06380472805097505,1
Huawei_Watch,78:85,2.204706449867296,1.5150366319259443,236.09132527186506,4,0.03839510677736988,1
Huawei_Watch,00:1E,2.304163805096512,2.067956526703702,272.0244794378409,3,0.0031695060278685715,1
Galaxy_Buds,48:03,2.0734511248927223,0.8324990348975605,277.59926678808637,7,0.05619719764352832,1
Galaxy_Buds,38:A4,2.228522915770794,1.4389656154463653,115.81596984607,8,0.006600682755233702,1
AirPods,00:1F,2.377846293341117,0.8185178097033448,213.50816965231164,6,0.06404693592872664,1
Galaxy_Buds,38:A4,2.1172378075813487,0.5300492487356806,214.5574449178546,6,0.07169770421480307,1
AirPods,00:1F,2.5316232073037317,1.971066019677454,159.76717726746278,8,0.06967752989968685,1
Galaxy_Buds,38:A4,2.5483959081591303,1.6469675689385477,187.1917205633273,6,0.07158533248484221,1
Unknown_Sensor,FF:FF:FF,2.276718621421509,2.316347894230927,186.56268966081728,4,0.04211221287488906,1
Galaxy_Buds,38:A4,2.0571409874214126,0.43277458477924036,144.47858212182638,8,0.038342314286102984,1
Huawei_Watch,00:1E,2.3303122064702637,1.5284382224719963,248.8558131189911,7,0.06317588057139834,1
Huawei_Watch,00:25,2.213170780902762,0.45006673429969146,230.65260384746603,7,0.07970671328453936,1
AirPods,A4:83,2.5552279804428557,0.9789018822299482,236.04564848625827,9,0.03347198309341222,1
Huawei_Watch,78:85,2.688316684393853,0.8180640077878087,292.1561102973954,4,0.05941652169599848,1
Unknown_Sensor,FF:FF:FF,2.3173942636677287,2.185445806397532,238.19029985202044,5,0.0032087353129985987,1
AirPods,A4:83,2.5050727860006754,1.552677006055017,245.0515320830273,8,0.06987385904653284,1
Galaxy_Buds,38:A4,2.458506537182476,2.4826932959494794,151.0938151495561,8,0.016852975120453327,1
AirPods,00:1F,2.5420921540647643,2.2594712537966744,126.31353702545196,8,0.07272260165325128,1
Huawei_Watch,00:1E,2.2662803274467143,2.731348225699935,136.19539054189795,7,0.005530622894929556,1
AirPods,00:1F,2.1681753747874866,1.4720499177927717,218.58367996635639,5,0.05300970232066563,1
Huawei_Watch,00:1E,2.5564862718713064,1.149155336071473,179.80918922742222,5,0.05253893316330338,1
Huawei_Watch,78:85,2.6414311879806203,0.7140967857240397,293.96420901570895,5,0.07069677357286021,1
Galaxy_Buds,38:A4,2.2316225540924206,1.2873106624290869,220.49027226268504,4,0.034471001892944476,1
Unknown_Sensor,FF:FF:FF,2.264249682443503,2.761175058098871,145.45500077357548,3,0.013409537303065414,1
AirPods,A4:83,2.6154814105459483,2.0931308662923325,194.92617514996277,5,0.056430847528976286,1
Unknown_Sensor,FF:FF:FF,2.2609606737157777,2.5443324573857984,137.05141780661828,2,0.0027350212751326543,1
Galaxy_Buds,38:A4,2.0860795659707385,0.8084880073408225,109.30543070347485,4,0.009768793120802144,1
Galaxy_Buds,20:AB,2.6537125122695335,0.9955434309488511,191.30226556391062,7,0.01186745607696711,1
AirPods,00:1F,2.7755830875052316,0.5118559542425831,290.3623570846478,6,0.07784781984562772,1
Huawei_Watch,00:25,2.2779572059282454,1.6521521119269114,168.53069762418306,6,0.010059320944531906,1
Galaxy_Buds,20:AB,2.100479653427575,2.367603542239052,231.92180530144154,5,0.015067926701248116,1
Huawei_Watch,78:85,2.4106251535132,2.4835414105060125,135.42995788947718,4,0.05293058802969174,1
Huawei_Watch,00:1E,2.362007736997855,0.4420383780689494,148.82945808447485,4,0.06951239875829746,1
Unknown_Sensor,FF:FF:FF,2.4990751738809287,0.5053965115067471,243.19186690535255,5,0.054121070862179724,1
Huawei_Watch,00:25,2.56121982916286,1.3452745735699803,230.24659540829842,4,0.027885893379357637,1
Galaxy_Buds,38:A4,2.4234677458833787,0.999845417959863,255.95896015497618,4,0.06966027602698073,1
AirPods,00:25:96,2.4969113826906675,2.2722781022031837,275.70311226026956,9,0.06121526916446277,1
Unknown_Sensor,FF:FF:FF,2.36787140123266,2.381184043241398,237.21132425979084,2,0.02537565734123189,1
AirPods,A4:83,2.3629705763172084,1.2124862589446739,229.81493175887863,9,0.025966866392021625,1
Unknown_Sensor,FF:FF:FF,2.2927813471483027,1.7212851038408385,168.4755467619036,2,0.03589548980980245,1
AirPods,00:25:96,2.4110936169258412,0.5352009369110331,217.4123415402302,6,0.06074754623382928,1
AirPods,A4:83,2.479654565485817,2.783548543198379,269.4334722745148,8,0.002051365264514855,1
Galaxy_Buds,20:AB,2.2661369331501,1.177410117973181,204.4310264609198,7,0.038135638003292734,1
Huawei_Watch,00:25,2.669090017101265,2.1234953829435868,291.10473919098695,7,0.06579147350536464,1
Huawei_Watch,00:25,2.7277000028880853,0.5710726481323933,290.9320060066615,6,0.07416276358370454,1
Huawei_Watch,78:85,2.4354282606105198,0.8669399756447224,133.26632154862844,6,0.020542125417640635,1
Unknown_Sensor,FF:FF:FF,2.371124844994224,2.709935869039371,195.80683840102722,5,0.024904615932480292,1
Unknown_Sensor,FF:FF:FF,2.4329265216812184,1.2797440583712216,275.81054295926424,3,0.009750887466955805,1
Huawei_Watch,00:25,2.576782497775488,0.8354520344695047,205.03267673341202,3,0.04538497757031228,1
Galaxy_Buds,38:A4,2.564194784842611,1.510498392743776,107.81425591386746,5,0.008984347552897533,1
AirPods,A4:83,2.546589644055308,1.7364204088009558,218.70771382462942,6,0.01696358719265813,1
Galaxy_Buds,38:A4,2.2525407633774197,2.292960430533073,238.59004604530222,4,0.018949644717958566,1
AirPods,00:1F,2.612370647309944,2.54281822604665,234.2849339061229,5,0.0076428251067734545,1
Unknown_Sensor,FF:FF:FF,1.694615158344045,1.3446509948659153,127.53708414914128,2,0.05894989959553457,1
Galaxy_Buds,20:AB,2.151717860063543,0.5105720221443558,104.25494548834055,6,0.04856752288710246,1
Unknown_Sensor,FF:FF:FF,2.3293490313107608,0.8935863886434299,213.7627874836753,2,0.039741348708733554,1
Galaxy_Buds,48:03,2.417932841826984,1.7868507391922273,179.68905402031487,8,0.0574078212526541,1
AirPods,A4:83,2.793879195591532,0.8081462946899005,120.82192987683327,6,0.02697817062043363,1
Unknown_Sensor,FF:FF:FF,1.8564088665277476,0.4144322962702638,115.4184849273575,2,0.04766005825511654,1
AirPods,00:25:96,2.2586594815588916,1.3519911339966495,113.88476854921868,5,0.06654904906011376,1
Unknown_Sensor,FF:FF:FF,2.54046346016907,0.831022621158169,197.2021446288119,3,0.047424959332273815,1
Huawei_Watch,00:1E,2.2615804324078086,1.4964607477128848,138.06497256381357,4,0.0795311488976934,1
Galaxy_Buds,38:A4,2.3904483921590174,1.9074311225263416,183.73701021106928,7,0.007101391528621477,1
AirPods,00:25:96,2.544472031913723,2.3116107678580344,134.0955876347835,6,0.0077341159717375695,1
AirPods,A4:83,2.629314330226672,1.334171658173557,232.9823448974436,8,0.03799092348049749,1
Galaxy_Buds,20:AB,2.0838803014123526,2.4431621829816343,103.60474406664841,7,0.07416007743394362,1
Unknown_Sensor,FF:FF:FF,1.8167537308830266,2.0132077977552005,116.72724598829018,3,0.0071299545692813295,1
Huawei_Watch,78:85,2.525940488861854,1.6164122363691584,131.86080412379607,7,0.002892830441980969,1
AirPods,A4:83,2.28417879893759,1.3643273779316458,117.52854935276771,7,0.01912442657578125,1
AirPods,A4:83,2.6777002757630277,1.17128849233155,288.4774038204466,6,0.041254354215719824,1
Huawei_Watch,00:1E,2.447874438034081,2.78117923557595,270.28499154901914,4,0.04009223993456078,1
AirPods,00:1F,2.47781283313196,2.007080126654326,234.8607612818097,6,0.06944453520859603,1
Galaxy_Buds,48:03,2.5530213054149433,0.9702941060156898,114.56547094922539,8,0.0018315059980896198,1
Huawei_Watch,00:1E,2.256530104147418,2.697574930947009,214.60828578616986,4,0.06579844509074888,1
AirPods,00:25:96,2.7034101375908355,2.7146172572321463,197.41238376378718,9,0.025402515830138965,1
Huawei_Watch,78:85,2.6776405371908973,1.9991365260040954,124.35238222505495,7,0.0020649525559589587,1
AirPods,A4:83,2.7741805781124214,1.8188708861480407,293.164432230644,8,0.024945290646820766,1
Galaxy_Buds,38:A4,2.194426836624483,2.1731870026127837,100.0598511016881,6,0.049567036391826365,1
Unknown_Sensor,FF:FF:FF,1.9742376848878882,1.2434442711296971,201.59939632219886,3,0.03678403390154562,1
Galaxy_Buds,38:A4,2.6964064220188373,0.4271172341920066,225.10634119453957,4,0.034426974200713695,1
AirPods,A4:83,2.1522408700359574,2.3784704977859583,153.0774818376389,8,0.04944413394297488,1
Unknown_Sensor,FF:FF:FF,2.79570591000887,2.3977197276662507,210.73949888158197,5,0.01390020765298356,1
Unknown_Sensor,FF:FF:FF,2.185153903085147,1.3504251365040028,123.5278678132359,5,0.032383874326815984,1
Unknown_Sensor,FF:FF:FF,1.7530092653669946,1.192950247368682,174.54335545520686,3,0.014150971611508353,1
AirPods,00:1F,2.7746755928376454,1.096592618515861,126.76074725589774,9,0.0015353821458445349,1
Huawei_Watch,78:85,2.6322028761854943,0.7290632937495978,207.06202629051833,3,0.0258800315929179,1
Galaxy_Buds,38:A4,2.4405091642075156,0.737483811105651,111.63100237193551,7,0.02971268541201126,1
AirPods,A4:83,2.4180641341919724,2.526456998575078,119.61651615684892,6,0.010175981014995967,1
Galaxy_Buds,38:A4,2.3332126905581365,1.1269542273206925,171.00573014260635,5,0.06280132350696455,1
AirPods,00:25:96,2.7687342805527497,2.388568127012708,163.08137914960255,5,0.06471067693090625,1
Unknown_Sensor,FF:FF:FF,1.8310718086598665,2.470353264449991,106.9167428132185,5,0.062493633902953545,1
Unknown_Sensor,FF:FF:FF,2.3283619198507646,1.9802555899556131,261.12119332717657,5,0.018157175549229132,1
AirPods,A4:83,2.462885615361643,0.8604056019608999,247.48675374429712,5,0.03546184699548946,1
Unknown_Sensor,FF:FF:FF,1.5541747707830995,0.4289384433236687,228.9382098512828,2,0.064170444650207,1
Huawei_Watch,78:85,2.7695509788096357,2.170020062701617,170.65028170041285,6,0.027976258379667964,1
Huawei_Watch,00:25,2.56295942774929,0.8444693628819231,134.82186706681688,7,0.04396928349751396,1
Galaxy_Buds,38:A4,2.014661472721639,0.4807776684481402,274.2148062721055,4,0.0780792679679034,1
Huawei_Watch,00:1E,2.1072993895781824,1.0129923632445268,152.14265998398332,3,0.05151234028329046,1
Galaxy_Buds,48:03,2.0293658564021455,2.4306753107076444,243.76855449782343,7,0.037946888792497115,1
Galaxy_Buds,38:A4,2.340210852084278,2.324653798682697,193.7382655301583,7,0.012531074957904665,1
Galaxy_Buds,48:03,2.077565573525865,1.6167694665056045,117.10210581861483,6,0.04400735523665248,1
Galaxy_Buds,20:AB,2.114578661025711,0.9023408765310343,267.09715591274386,7,0.015797639188794985,1
Galaxy_Buds,20:AB,2.452067568858644,0.9289949363261523,246.8704490143511,4,0.02067452962334545,1
Huawei_Watch,00:1E,2.5452495346108774,0.9305520914889482,295.67945576011914,6,0.00430865655984209,1
Unknown_Sensor,FF:FF:FF,2.20853499456602,2.858608296716172,268.7298519694814,2,0.058235774138459456,1
Galaxy_Buds,20:AB,2.4797086112811115,0.5021159529620983,273.7233535828594,6,0.012054088616790191,1
Unknown_Sensor,FF:FF:FF,2.4526420081961255,1.6640404548279901,206.26258428257913,5,0.048955240426986485,1
Galaxy_Buds,48:03,2.1060985601113718,0.5062652254202246,203.891100991759,4,0.06088972296345264,1
Huawei_Watch,00:1E,2.4906296276042768,2.3482053204777036,248.342412302586,5,0.07934479610794908,1
Unknown_Sensor,FF:FF:FF,1.7521400274481072,2.5755045120432345,218.36085630004413,2,0.0444067959441829,1
Unknown_Sensor,FF:FF:FF,2.559653899824478,1.8604412489210571,223.81913977838474,5,0.06270334275883178,1
Unknown_Sensor,FF:FF:FF,2.181406921944011,2.489729036053084,251.19351645079286,5,0.05965870261849857,1
Galaxy_Buds,20:AB,2.6706514360835665,1.109469652864586,158.84769094085425,6,0.0673576297197367,1
Galaxy_Buds,48:03,2.6974340363390734,1.1102809671150664,180.74991357181767,7,0.06243198209178196,1
Galaxy_Buds,48:03,2.096476029411465,1.758692409901083,100.33837903448392,8,0.0023257104275162988,1
Galaxy_Buds,20:AB,2.271371516325276,1.185119674310423,257.3672447098428,8,0.051386042072418196,1
Unknown_Sensor,FF:FF:FF,1.6353785652963737,0.8086846397519734,226.5298193761618,5,0.048279013327716384,1
Galaxy_Buds,38:A4,2.563492299776539,0.8936055842820716,248.50889383241116,4,0.050919252083932325,1
Huawei_Watch,00:1E,2.586790953829637,2.190220501152819,296.39383808922906,7,0.06308919717379252,1
Unknown_Sensor,FF:FF:FF,2.17638554999425,1.2083490095892682,122.02781631853203,2,0.03472154929391002,1
Galaxy_Buds,48:03,2.154428366897848,1.6160956469402254,232.41936056305417,6,0.058689266403384996,1
Galaxy_Buds,20:AB,2.12143605198617,1.7026171818345057,189.3099491403795,6,0.054872901683989096,1
Huawei_Watch,00:1E,2.623053711419426,2.175967328045468,290.06255058611833,7,0.014758100250691148,1
AirPods,00:1F,2.3341579021193524,0.5628721004769555,104.83835277827104,9,0.05581365020160601,1
Huawei_Watch,78:85,2.6478073578959362,0.534726648198904,270.5456039751423,4,0.06981842003876815,1
AirPods,00:25:96,2.436634200527149,1.5444329582128562,287.4706588431729,8,0.010678397793275504,1
Unknown_Sensor,FF:FF:FF,1.564794636117824,2.6405659917030118,263.6902345615113,5,0.05836065829219174,1
Galaxy_Buds,20:AB,2.1112357173685474,1.642495328850811,124.3637348099834,7,0.052556412501371164,1
Unknown_Sensor,FF:FF:FF,1.5174234143618153,0.9634133618626572,108.02708350713309,3,0.020936454698872477,1
Huawei_Watch,00:25,2.7343782063647257,0.9989108796388146,154.3899452257262,4,0.06758315490288172,1
Galaxy_Buds,20:AB,2.3412998355713692,0.3739499204032218,111.27757662196382,5,0.04495942779734454,1
AirPods,00:1F,2.3877669218204947,1.3336239830212224,279.96666913745446,6,0.058595898547047186,1
Huawei_Watch,00:25,2.717494929997442,1.3442748317526196,265.57367506443455,3,0.039558490503607435,1
AirPods,00:1F,2.201475550665872,2.2403737461226756,138.2381402929578,5,0.0371145989350669,1
AirPods,00:25:96,2.5259690908875267,1.338815293008365,122.81915697758667,6,0.05760064317304905,1
Huawei_Watch,00:1E,2.162188171561295,2.041009853384902,209.02110565213994,7,0.018192759668910315,1
Unknown_Sensor,FF:FF:FF,2.4396585941710285,0.3827045771300043,227.41031750135835,2,0.049032012868955935,1
Galaxy_Buds,38:A4,2.592843109661992,1.2429872033350466,125.37273295391847,4,0.053521786986328666,1
Galaxy_Buds,48:03,2.455681427005668,1.4999501126951922,111.20915905873942,7,0.028477869903588218,1
Huawei_Watch,00:25,2.650394739568823,0.8832730771263385,151.72416697760775,6,0.043587820726761255,1
Unknown_Sensor,FF:FF:FF,2.4837769573952255,1.6023418206606306,136.87862934712825,2,0.05277034931157938,1
Unknown_Sensor,FF:FF:FF,2.6317519525598088,0.8447497707301561,181.22308195257784,3,0.060058360559947774,1
AirPods,A4:83,2.4867595303479075,0.725964584301675,168.7326385218206,8,0.04309614383621714,1
Unknown_Sensor,FF:FF:FF,2.537847444691627,1.2042182033755349,181.3054274617029,4,0.030433600600604988,1
Huawei_Watch,78:85,2.775133657730568,0.8890395019064539,204.66592623894826,6,0.06342835352270715,1
Unknown_Sensor,FF:FF:FF,1.8593741977584148,1.0433425750908865,215.68143838103623,4,0.07320720547256346,1
Unknown_Sensor,FF:FF:FF,2.1762476802270205,1.4085279388645857,200.40763454725624,3,0.025340934165402135,1
Huawei_Watch,78:85,2.734300278336036,1.0645707697067415,296.7042945430444,3,0.04784901034952144,1
Huawei_Watch,78:85,2.612844664290583,2.368906017877536,162.63239896345647,5,0.0705933094725871,1
Unknown_Sensor,FF:FF:FF,2.4616494317112028,1.0631004475894708,277.9148780941738,2,0.07872882552291982,1
AirPods,00:1F,2.544269891277759,0.898291748709884,276.3855516609288,7,0.012978672462598349,1
Huawei_Watch,78:85,2.491828978546868,1.6657590930944233,243.8707244738317,4,0.016780235814694507,1
Galaxy_Buds,20:AB,2.681420172983321,1.0410491040944272,153.36816063099675,5,0.008859875625516649,1
Unknown_Sensor,FF:FF:FF,1.9086551471388729,1.4721533271185994,247.8946415878849,5,0.02512486359941856,1
Unknown_Sensor,FF:FF:FF,2.1424761814253896,2.4362729815804895,160.3374485267571,3,0.019547195262917292,1
Unknown_Sensor,FF:FF:FF,2.573771676520506,0.47172119201353996,143.17734029607004,5,0.07242878994222963,1
Huawei_Watch,00:25,2.2338822925402106,1.8730658051576778,187.10109087963187,3,0.0673158042467808,1
Huawei_Watch,00:1E,2.785373456610608,1.9219411319097683,125.25294831290054,4,0.02600832123453592,1
Unknown_Sensor,FF:FF:FF,1.5049622743616513,2.0405076024843742,130.08376206481984,5,0.018174364561881193,1
Unknown_Sensor,FF:FF:FF,1.5944721330930212,0.40811063226894384,161.26841668000148,3,0.04101238025160424,1
Galaxy_Buds,48:03,2.1488510634597673,0.3730165800373377,154.7103522233303,7,0.07506438547587861,1
Unknown_Sensor,FF:FF:FF,1.8025920912316753,2.3799692819178686,110.63690021408559,4,0.02082294860528024,1
AirPods,00:1F,2.569512618334084,1.8450575143530559,122.19789384269622,8,0.030528955189376008,1
Galaxy_Buds,48:03,2.2889327904862182,2.0651795241503814,186.2326113586032,4,0.0033619740137124233,1
Unknown_Sensor,FF:FF:FF,1.5353275209180974,2.808857208908355,122.94171269611641,2,0.023377458436951822,1
Huawei_Watch,00:25,2.627773332517749,2.3317762644194526,103.6013111200909,3,0.024380087630890668,1
Huawei_Watch,78:85,2.297064838890451,2.494609214958707,122.5160780823874,7,0.043255878131592825,1
Unknown_Sensor,FF:FF:FF,1.84231051887916,0.32453362370648137,202.09074038548943,5,0.02410122086080003,1
Huawei_Watch,78:85,2.308066465396032,1.1198058676167633,248.63863974632068,6,0.005159301699933403,1
Unknown_Sensor,FF:FF:FF,2.6079430367085354,2.0030726447112976,206.77988261932916,2,0.07912226866801392,1
Huawei_Watch,00:25,2.4719215643976415,2.4115652405246184,157.05806767146328,6,0.04662454680667917,1
Unknown_Sensor,FF:FF:FF,2.5259091005653507,1.7480432332150884,218.5885126252127,5,0.06650988115085679,1
Huawei_Watch,78:85,2.6162960243649787,1.6605754180483845,106.52913550913372,5,0.06634294394534045,1
Unknown_Sensor,FF:FF:FF,2.7425718288369776,0.26788328734863637,225.00108210352758,5,0.025355727023289542,1
Unknown_Sensor,FF:FF:FF,2.1037632070932055,0.5713141920059415,161.34682596217237,5,0.03547040115033502,1
Unknown_Sensor,FF:FF:FF,2.7325408162228744,1.4021645031689278,241.98440750296473,4,0.018994677469984504,1
Huawei_Watch,00:1E,2.650725234608106,2.729838895539479,152.53512851973034,4,0.03783177062487239,1
AirPods,00:25:96,2.28827126207853,1.4767325831222333,278.2960031247013,6,0.028948247456411096,1
Unknown_Sensor,FF:FF:FF,2.2852931801925847,2.6499264447246866,142.99419887234697,3,0.07772261527208406,1
AirPods,00:25:96,2.437428740678458,0.970634510572143,222.15601421515365,9,0.03794307363450084,1
AirPods,00:25:96,2.475905241845951,2.54992639436121,109.89937069873332,7,0.06751396900893793,1
AirPods,00:1F,2.4239963685110952,1.5524923724898452,143.70196687082606,6,0.02347910585664973,1
Galaxy_Buds,20:AB,2.2779105288660344,0.4916040869506973,211.07197290120422,8,0.027617851424135368,1
Huawei_Watch,00:25,2.711955767279623,1.5845117928162846,240.45175320633285,5,0.03604776151865072,1
Huawei_Watch,00:1E,2.215642757536495,1.3356936470597058,245.97206176969567,7,0.05712261155734852,1
Unknown_Sensor,FF:FF:FF,2.376990208791081,1.001164630981043,229.31726136737234,5,0.06569586260401812,1
Unknown_Sensor,FF:FF:FF,2.621744653786136,0.20568037657488522,229.162982451687,4,0.004761976027821735,1
Huawei_Watch,00:1E,2.2796859598170323,1.9967010447473323,260.0709758046813,6,0.029524241740873328,1
Huawei_Watch,00:25,2.3932634531312327,2.2028273147402033,114.2015329066511,4,0.02568648776696401,1
AirPods,A4:83,2.3888727282583777,2.0506308200121515,229.29001802492138,7,0.04749286329668308,1
Galaxy_Buds,38:A4,2.4452672324866795,2.309231284667721,210.26322430206744,7,0.01374787850616756,1
Galaxy_Buds,48:03,2.518686875192205,1.4659813504381214,249.2231918581884,5,0.0009365288584723253,1
Galaxy_Buds,48:03,2.314197150172296,0.4856632371979932,171.88637471104437,8,0.009840263609899652,1
AirPods,A4:83,2.340217147220861,2.250016370118675,230.45832971838794,8,0.030991406853492744,1
Huawei_Watch,00:1E,2.3827285049190867,0.586275147355458,208.50687370645028,4,0.04722284343625278,1
Unknown_Sensor,FF:FF:FF,2.537894442673858,2.4205404089043516,254.36122077903107,4,0.06074808206020905,1
Huawei_Watch,00:25,2.5075391226158796,1.2908138162503062,220.2148333600466,6,0.0314379380276233,1
Unknown_Sensor,FF:FF:FF,1.9869187531261576,0.6505225445866325,177.49528092319736,5,0.0035822760403734577,1
AirPods,00:25:96,2.7626511037954824,1.315445185162683,203.44787634286638,6,0.05095218539637946,1
Huawei_Watch,00:25,2.1501983221933556,1.3831093477485568,162.2434990126787,7,0.042486827590819426,1
Unknown_Sensor,FF:FF:FF,1.783260320531487,2.867697108620098,181.72029181530067,5,0.013388778651090236,1
Galaxy_Buds,20:AB,2.1599407227283396,2.4503946595788095,195.7442871743674,8,0.030736537038864017,1
Huawei_Watch,00:1E,2.1216690536435405,1.3311682238724867,132.00498729263882,4,0.02505650088561392,1
AirPods,A4:83,2.4414958380346845,0.8121146780267328,267.0960472764655,9,0.07647350631642554,1
AirPods,A4:83,2.721882570616077,1.9470629035507077,265.34147194829745,5,0.007056136303189655,1
Huawei_Watch,00:25,2.206109005008916,0.47425034735522076,294.14843073544967,6,0.07840871939310136,1
AirPods,00:25:96,2.4725802718042833,0.9040086942059125,149.3814853335171,7,0.028494851769407532,1
Galaxy_Buds,20:AB,2.1362366856934103,0.42682468083785474,161.64063619024842,7,0.01880297718430601,1
Huawei_Watch,00:25,2.4813793602816308,0.7965809210622476,216.5968852329205,7,0.035523499936176234,1
Huawei_Watch,00:1E,2.442228482254716,1.3642691215703782,298.7696777799396,6,0.02403915084803459,1
Galaxy_Buds,20:AB,2.5547649743740437,1.315180126152088,231.54724516812558,7,0.06820462255212428,1
AirPods,00:1F,2.2594248152722467,2.813669233197233,281.8909221874484,7,0.028276859243742597,1
Huawei_Watch,00:1E,2.191456640676424,2.2972235062597237,124.96416279336967,3,0.054460471436838846,1
AirPods,00:1F,2.1241228815975,2.827058544435429,289.82242861788814,6,0.07847899025301482,1
Unknown_Sensor,FF:FF:FF,2.4810075880781692,1.5282139702854682,154.44054609208837,5,0.022862684442069618,1
AirPods,00:1F,2.633258733964388,1.4276972163752668,202.25509244015024,5,0.028981446967887292,1
AirPods,A4:83,2.7261167897769623,1.5943502618238485,188.69116727638084,8,0.06452714738610216,1
Huawei_Watch,00:25,2.176484947216735,2.449508720693013,187.82996332674966,3,0.023874792988950136,1
Unknown_Sensor,FF:FF:FF,1.5811948717047928,2.5853548600623637,180.69742996649597,2,0.0777226433912471,1
AirPods,A4:83,2.613820833812514,2.3302313472660208,285.8514796014458,7,0.06976386707576061,1
Galaxy_Buds,38:A4,2.4427808769760797,1.7178346096662742,247.56360489725097,4,0.02230078979316424,1
Unknown_Sensor,FF:FF:FF,2.187151542638856,2.342163838624439,278.29828589862404,3,0.05414570390859165,1
AirPods,A4:83,2.10162228353337,0.605988646826795,168.35648094735234,9,0.059238090556281535,1
AirPods,00:25:96,2.627399545579878,2.345414677058338,231.70810313401097,5,0.06767371517421858,1
Galaxy_Buds,48:03,2.0620232997787755,1.372781181267864,113.97688024088892,7,0.03256851913005021,1
Galaxy_Buds,48:03,2.2441743737786357,0.5441958173408926,245.48233780165998,8,0.05582050208587436,1
AirPods,00:25:96,2.1706588399842652,2.585466205469948,236.34972881803225,5,0.040049941445633425,1
Galaxy_Buds,38:A4,2.0351582080247814,0.46038403780938775,172.51719087387468,7,0.06907206134856014,1
Huawei_Watch,00:25,2.7504596375422974,1.3722464668661594,281.2222004264994,7,0.04666059939648925,1
Huawei_Watch,78:85,2.4842863146091494,0.9262575086173017,106.73383564277455,5,0.02862512672908391,1
AirPods,00:25:96,2.1860444749257715,2.6327817926369566,200.61679015596727,6,0.04686918307628154,1
Unknown_Sensor,FF:FF:FF,2.221054552445624,1.9201452601184432,194.7301228608765,3,0.057116210600527184,1
Unknown_Sensor,FF:FF:FF,1.8941522772993598,0.9829193211477443,201.39200757168663,5,0.011430076907152937,1
Huawei_Watch,00:1E,2.3810119416392355,0.7806979468633071,276.39843394432717,4,0.057737724217374345,1
AirPods,00:25:96,2.3223107566827816,0.5003232632107648,202.22582784744594,6,0.057203097508054704,1
Galaxy_Buds,38:A4,2.6270087081483213,1.5831863391887,184.05423999344993,8,0.0752358804588938,1
Unknown_Sensor,FF:FF:FF,1.9111511946480988,0.4751094477782365,164.842105384077,4,0.04519874861402028,1
Galaxy_Buds,38:A4,2.6243105013675145,1.254398323068365,263.78976589379056,7,0.05401120489197345,1
AirPods,00:1F,2.129604224455877,1.8551097223934314,286.0341930876849,5,0.056308567330746497,1
Galaxy_Buds,48:03,2.116867162123039,1.8687013113955013,219.94937444407716,4,0.022275152660034766,1
Huawei_Watch,78:85,2.5732757619900877,2.665557532871703,153.79360631907718,6,0.06254590906759484,1
Unknown_Sensor,FF:FF:FF,2.7993061226803198,0.4829817754934447,189.74274391102765,4,0.0400320916568161,1
AirPods,A4:83,2.420389723611506,1.0013185376123928,173.74143417295903,8,0.00023050013324916742,1
Huawei_Watch,78:85,2.230216100003966,1.7249664751681069,183.15950013749003,4,0.016959524375892647,1
AirPods,00:1F,2.430597262914087,2.6123761710115643,143.14813583529082,9,0.06032184279427059,1
AirPods,00:1F,2.3763140476913795,2.7339375135595754,125.14485379844524,7,0.025250187501068,1
Unknown_Sensor,FF:FF:FF,1.567858217758463,2.041923477691848,184.26774543418549,2,0.07121720021089395,1
Unknown_Sensor,FF:FF:FF,1.5559090374270212,2.0005399834874886,248.19569736772922,3,0.04126895221698625,1
Unknown_Sensor,FF:FF:FF,1.6298268674770315,2.0577199983572374,143.53999903974628,3,0.026987643741527415,1
Galaxy_Buds,20:AB,2.087057879300357,1.2100138848209976,188.7156252005404,4,0.07248527085490922,1
Unknown_Sensor,FF:FF:FF,1.5129009674661864,1.4530569305244603,273.42986335976593,5,0.03181180636736289,1
AirPods,A4:83,2.6417939647069337,2.355011556502676,204.25920953082777,6,0.06857036478850258,1
Galaxy_Buds,20:AB,2.053469461494019,1.141676711855398,166.19205714491977,8,0.021246626636688488,1
Unknown_Sensor,FF:FF:FF,1.9317291750110774,1.1228700048288927,233.02478040183257,4,0.027847647453463048,1
Galaxy_Buds,48:03,2.4641051422992435,1.506440479630439,258.26592067234924,6,0.00188759717164233,1
Huawei_Watch,78:85,2.5243025954534355,1.0987461946844297,141.41898363531425,5,0.02423325830665541,1
Huawei_Watch,78:85,2.259764754445589,0.9918487239472591,196.81541394204032,6,0.03790478627183573,1
Galaxy_Buds,38:A4,2.6931462255113354,0.8261493111209348,195.53272395163046,7,0.04355858662402103,1
Huawei_Watch,00:1E,2.3559765237829597,0.940915043216238,139.166616826854,4,0.07168600894356587,1
AirPods,00:1F,2.3206029273927875,1.1629695799403672,296.33066477048953,8,0.031053256490159643,1
Unknown_Sensor,FF:FF:FF,2.3356645892402264,2.3866225058735826,270.5311449255604,3,0.02324036045371363,1
Unknown_Sensor,FF:FF:FF,2.2004569117515045,0.36369810037946415,224.1999527156098,3,0.011784243542317628,1
AirPods,00:25:96,2.4133713977872926,0.8222596421654613,291.5868242113541,7,0.060887064481910044,1
Unknown_Sensor,FF:FF:FF,2.1507846425011197,2.034974898384791,113.7230592352416,3,0.07429282296119064,1
Galaxy_Buds,38:A4,2.3828017486825885,0.6966774579301118,182.5476298324912,6,0.013259982385612474,1
AirPods,00:25:96,2.134985320061775,2.524759193724377,296.2385058328232,9,0.04217861286031301,1
Huawei_Watch,00:1E,2.1762253197867274,1.9276927522080505,199.6472000998546,5,0.07849149854334575,1
AirPods,A4:83,2.421274435564109,2.7065297709744143,135.21909426611893,6,0.07849422694098357,1
Unknown_Sensor,FF:FF:FF,2.578209115046066,2.176731038475981,163.90739016135248,2,0.07681084835243578,1
AirPods,00:1F,2.7769368769982243,1.4427050619424242,270.8443812681736,8,0.01978722526552667,1
AirPods,A4:83,2.5666203353326336,0.8904793851405581,213.01706249055127,9,0.03991165316287536,1
AirPods,00:25:96,2.1063269283555046,1.356870425528029,285.23881368635637,6,0.06438024975917558,1
AirPods,00:1F,2.325168992761684,2.5353010150435615,245.77228845398938,7,0.02030568625253559,1
Huawei_Watch,78:85,2.3819350789235765,2.5471427141863225,100.08855628744158,6,0.023110795112733253,1
Unknown_Sensor,FF:FF:FF,2.7871122888877267,2.7780868812038637,189.041534126431,2,0.060880633879631364,1
AirPods,A4:83,2.374720730360636,2.3102359360328544,283.68528642908177,5,0.03554922793932115,1
Galaxy_Buds,38:A4,2.4354276936596957,2.483373036624514,169.53817115376387,8,0.028686276921989853,1
Unknown_Sensor,FF:FF:FF,2.601453168038417,2.636038289348043,257.9240101969468,5,0.008144294635962952,1
Galaxy_Buds,48:03,2.154596948074106,0.3856459193164684,106.48338729245675,4,0.011854234258395638,1
Unknown_Sensor,FF:FF:FF,1.8672223671701347,2.7662397605532982,204.69201273805484,4,0.04506597136264373,1
AirPods,A4:83,2.328436901652391,2.5151831737010966,128.76287006296275,6,0.07140465819891796,1
AirPods,00:1F,2.646255852104817,1.643205759922637,199.50797042922045,8,0.016356870884376946,1
Unknown_Sensor,FF:FF:FF,1.7419766670793524,1.095224687481423,253.90543629158833,5,0.05088339750239746,1
Huawei_Watch,00:1E,2.7585491643521753,1.6166090511084032,181.88241436340365,5,0.06686607423284129,1
AirPods,00:1F,2.6417343552394654,1.3462462542292597,264.95757125555735,6,0.07007064668136456,1
Huawei_Watch,78:85,2.2977306984590027,1.4205476450504655,107.51421807978147,7,0.06124374004126887,1
AirPods,00:25:96,2.3915960799376044,1.7540244346054121,110.92688400019446,6,0.016044820085838633,1
Huawei_Watch,00:1E,2.1070634246823174,1.4499566238597033,276.5468761346844,6,0.07734763998394283,1
Galaxy_Buds,48:03,2.464133034262396,1.9321719193091733,252.71656823629445,5,0.024234472451234338,1
Galaxy_Buds,20:AB,2.498834933168959,2.0969148263123993,132.69051419618847,6,0.07996351349752755,1
Unknown_Sensor,FF:FF:FF,2.7803159235912185,2.236470301141618,170.775136185026,2,0.011968115962156203,1
Unknown_Sensor,FF:FF:FF,1.6019925612122612,1.6701417895804356,227.67774912506974,4,0.021521571743864838,1
Galaxy_Buds,20:AB,2.1881927197169904,1.6825549043217978,186.736146269431,4,0.04812431034398593,1
Unknown_Sensor,FF:FF:FF,2.3218073489423947,0.5508417051234413,200.8165055398112,2,0.04110835713654142,1
AirPods,A4:83,2.3584965391508788,2.739019670167213,265.50126397464425,7,0.06428144867479475,1
Huawei_Watch,00:25,2.187587679999223,2.4411318754260103,168.9208168895119,4,0.06456567230933624,1
AirPods,00:25:96,2.3417393665714217,1.3054650902476226,295.70509367782813,7,0.00950995129416576,1
AirPods,A4:83,2.404726955018665,1.8183434515522494,162.3968040652837,6,0.01304282695452728,1
Unknown_Sensor,FF:FF:FF,2.0034084525315246,2.6477449688148393,102.8911356965811,4,0.06711978621744086,1
Unknown_Sensor,FF:FF:FF,2.536811568698359,1.862962172327147,251.79005636855243,4,0.018797872399676223,1
Huawei_Watch,78:85,2.6719896994109096,1.7114327585868336,293.40705505122924,5,0.03436767548608517,1
AirPods,A4:83,2.4375850528765346,0.7843816610441614,292.30266779661696,7,0.07619736933502774,1
Unknown_Sensor,FF:FF:FF,1.6712295371528216,2.5362985490540635,128.30917747234878,5,0.05000233488681646,1
Galaxy_Buds,38:A4,2.470892095946229,2.052699073821019,145.08422178264982,6,0.0680544208483877,1
Huawei_Watch,00:25,2.5395953678228684,0.9940241755369887,132.56300993537275,3,0.043908693206188475,1
Galaxy_Buds,20:AB,2.214743619665499,1.0765087075951845,211.8326408289298,4,0.0344432167605752,1
Unknown_Sensor,FF:FF:FF,2.0258856012460305,0.38455364083688826,241.0767716471393,3,0.006713562865714354,1
AirPods,A4:83,2.574278661852474,0.6730666230306445,141.08028169560586,8,0.078563962961277,1
Unknown_Sensor,FF:FF:FF,2.372922893267369,1.9071618148216274,135.81858501269863,4,0.06282150492128122,1
AirPods,00:25:96,2.327677734147186,2.759053875780444,282.9462229913007,6,0.03600932211798488,1
Galaxy_Buds,20:AB,2.072184953685653,1.505126327643303,276.21235126739873,4,0.05903079878676849,1
Galaxy_Buds,20:AB,2.1431084017646826,1.4433493783678655,113.32759922422264,6,0.016426635096543983,1
AirPods,A4:83,2.287973629247325,1.1899079957534002,231.35121269491142,6,0.04829097604475001,1
Huawei_Watch,00:25,2.152908529697847,2.683415730029358,159.45815806146672,6,0.047923566972030526,1
Unknown_Sensor,FF:FF:FF,1.6197238292027731,1.6941233435421097,215.49374358892382,3,0.07720122955635775,1
Huawei_Watch,00:25,2.573218401636783,2.095911687708903,222.00148341589716,3,0.04206049756473079,1
Huawei_Watch,00:1E,2.706266943528184,2.672160949416149,121.18116088075152,4,0.04898065206094757,1
Huawei_Watch,00:1E,2.757339967177031,0.4160371101373307,254.46020303306858,6,0.056091167553397894,1
AirPods,00:25:96,2.385706183606689,0.5369477400591404,216.5852113608526,5,0.043359205991181274,1
Huawei_Watch,78:85,2.254338585431313,2.141742184873848,223.44980416974514,3,0.03984323144454952,1
Huawei_Watch,00:1E,2.3289312509062725,2.536136861116606,116.86026292227007,3,0.034721677816700706,1
Huawei_Watch,78:85,2.458908475983243,1.4521239520738272,299.25245730497534,6,0.04906333479099033,1
AirPods,00:25:96,2.269415455986614,2.2137265361075045,118.27829726635528,5,0.06546956531850698,1
Huawei_Watch,00:25,2.1206528386016443,1.2543304779721465,103.16263924659242,5,0.019804781622390914,1
Unknown_Sensor,FF:FF:FF,1.961319079969992,1.3468831321476427,138.76198864885947,2,0.053829733487846386,1
Galaxy_Buds,38:A4,2.666043497123751,2.1446820344546547,244.9162573292193,6,0.03948007937235266,1
Huawei_Watch,78:85,2.650738652349989,1.3538755765578199,202.7222093088649,5,0.04171592193335041,1
Huawei_Watch,00:1E,2.3597790569010897,2.6098398603120576,216.8897819514852,3,0.026688543122323456,1
Unknown_Sensor,FF:FF:FF,1.9789835958915525,2.617434440713557,219.96334855483042,5,0.06298986760040845,1
Galaxy_Buds,20:AB,2.6116060441275577,1.7034993779064254,250.05576414591252,7,0.04280204036791463,1
Huawei_Watch,78:85,2.648791151082549,1.406535068000732,200.01602365431654,5,0.047907632006355116,1
AirPods,00:1F,2.4518418698410915,0.6348225856338536,198.21914587663304,8,0.01680234796130253,1
AirPods,A4:83,2.599072005501164,0.5275819359154768,181.7554522458264,9,0.012837009141698115,1
AirPods,00:25:96,2.22995269343087,2.094126523973524,276.33812236870165,9,0.06611904721566099,1
Huawei_Watch,00:25,2.664091172832483,0.4191145713890827,284.912211075361,5,0.04120045277677785,1
Huawei_Watch,78:85,2.3498201826197773,1.2490939809674464,265.7111195812163,3,0.06624934632050743,1
Galaxy_Buds,48:03,2.6669705119017544,1.0188335924660898,163.79649078274988,5,0.02171990033454943,1
Unknown_Sensor,FF:FF:FF,2.6392152630850045,0.4769334989756924,170.6915337888549,4,0.06630970210023669,1
Huawei_Watch,00:1E,2.465119577207951,2.3067655207563775,276.87530940459425,6,0.06870114234795778,1
Huawei_Watch,00:1E,2.407447420874802,1.865312212037019,132.07308122394863,7,0.03288748871043518,1
Unknown_Sensor,FF:FF:FF,2.4021344676632035,0.8199150340357153,121.15923402703959,2,0.05925009191154964,1
AirPods,00:1F,2.47232235530526,2.3946372660684587,159.35733640397012,5,0.027618396293597795,1
Galaxy_Buds,48:03,2.512689705368868,2.239657461131968,121.86917039579777,7,0.04657150460622388,1
Galaxy_Buds,20:AB,2.1483260313080765,0.9842054884118967,130.04759274715028,6,0.02685390664312477,1
Galaxy_Buds,48:03,2.3898149102204673,1.2147052277513082,177.20998001742595,6,0.054318279443043356,1
Unknown_Sensor,FF:FF:FF,2.4127899250363782,0.6635735508047138,190.02029537379286,4,0.043734820407943104,1
AirPods,00:1F,2.1154990328308405,2.7682740530144208,239.325454243478,9,0.009376312454418674,1
AirPods,A4:83,2.1999893753700324,2.1609767528584856,141.25042276723053,9,0.06118407779674218,1
Huawei_Watch,00:25,2.6410907049139105,2.6834608689416344,255.29786053020362,3,0.06858471218886728,1
Huawei_Watch,78:85,2.3856833397781463,2.525487434180256,144.38009215687458,4,0.02026179068181721,1
AirPods,00:1F,2.6064105636484385,1.7855758384341887,267.22354064144974,5,0.06993365457256208,1
AirPods,A4:83,2.1891704912002377,1.1852210722844276,206.31547935499862,9,0.014675375712274761,1
Galaxy_Buds,20:AB,2.617791913740643,1.3258814635083744,113.62595091576175,4,0.06428301275700828,1
Huawei_Watch,00:1E,2.14688152841769,2.5056410875188124,177.88098779577507,3,0.05944652317051041,1
Huawei_Watch,78:85,2.787195139764799,1.4811485715294288,202.6736420449831,6,0.07977458831223604,1
Huawei_Watch,00:1E,2.3248135068451674,0.9282671821714075,170.10410685723235,5,0.056530741077407715,1
Unknown_Sensor,FF:FF:FF,2.103510075660992,2.151391931044772,218.21130724988944,4,0.07434307218096475,1
Galaxy_Buds,48:03,2.581957394355379,2.153116110449855,167.1834081482621,7,0.007629728181844691,1
Unknown_Sensor,FF:FF:FF,2.2129449118916313,0.3794509795959347,237.97270891586524,3,0.04384258853313921,1
Unknown_Sensor,FF:FF:FF,2.4772710901145922,2.36810559428616,193.24145195283245,2,0.0011702607102140573,1
Huawei_Watch,78:85,2.370634120843684,1.9899614726598598,169.39253194691167,7,0.012694309895174795,1
Unknown_Sensor,FF:FF:FF,2.4863299175130966,1.8123193261738149,217.74389266501726,5,0.06820679639506742,1
AirPods,00:1F,2.630787104439241,1.2365708316669681,182.99424308001562,7,0.021675415865309234,1
Unknown_Sensor,FF:FF:FF,2.2650564157066855,0.7005065035227809,207.95883669468964,3,0.033988067429446954,1
Unknown_Sensor,FF:FF:FF,2.4416477282284017,2.21353412350554,200.42694012712613,3,0.05569249161103402,1
Unknown_Sensor,FF:FF:FF,2.077016944947691,1.4170959664931821,272.5296104201932,2,0.0217556831534759,1
Galaxy_Buds,20:AB,2.184843389285603,2.3659506547906415,214.5473706760074,4,0.042297953527874854,1
Unknown_Sensor,FF:FF:FF,1.7482045605931364,2.075530589013065,139.36881033962692,5,0.06590139166392983,1
Galaxy_Buds,48:03,2.5437533383850592,2.107625452515897,183.07412696594923,7,0.061893005191653264,1
Unknown_Sensor,FF:FF:FF,1.9788513779326566,1.3673348112890376,105.6068367028104,4,0.021120347996757268,1
AirPods,00:25:96,2.7219248769460442,2.478384540510246,226.00797569599644,6,0.06270179112137994,1
AirPods,00:1F,2.721682732253825,1.2806974840681946,280.1921791380936,9,0.06603325312991584,1
Galaxy_Buds,48:03,2.5688995339251437,1.8550432827171908,274.1074457547458,6,0.07991140896266324,1
Huawei_Watch,78:85,2.6237287384341923,2.3359961272643592,271.60465420144584,7,0.037266060257849974,1
Huawei_Watch,00:25,2.3128211907135996,1.163450672568333,292.23188314203304,5,0.028834146171318888,1
Huawei_Watch,00:1E,2.4963264838575494,1.1506671741048498,230.86840109854393,5,0.0012594330396541588,1
Huawei_Watch,00:1E,2.741622311149688,2.09478040508573,161.79119801363055,5,0.00042769286834915655,1
Huawei_Watch,78:85,2.705103272807855,1.8086476157413771,216.19007597763587,7,0.05106577918334613,1
Huawei_Watch,00:25,2.573287778311803,0.7322451839905464,215.76803360711853,5,0.06947286303531057,1
Huawei_Watch,00:1E,2.3600401605616037,1.8844649409236456,226.61453069990262,7,0.07965048875991068,1
Unknown_Sensor,FF:FF:FF,2.1423919718292472,2.524822308658942,183.01004222570378,3,0.04745265752315746,1
Huawei_Watch,00:25,2.6829823313083527,1.2698351742779899,272.72828425932323,5,0.01338856257894248,1
AirPods,A4:83,2.583618783585576,2.173125934140342,229.7277913537631,6,0.044375016782406906,1
AirPods,A4:83,2.5195114812976063,0.9304544246941784,241.02782911411268,6,0.05342084732825224,1
AirPods,00:1F,2.2188099000038464,0.545947683192408,255.82051727915734,7,0.055971165569769735,1
Unknown_Sensor,FF:FF:FF,2.0913341756437287,2.0513914659208385,263.8383462761962,5,0.03907965061279243,1
Galaxy_Buds,20:AB,2.1075837299909432,1.5597359123404495,149.8622543786762,7,0.006284626473898172,1
Huawei_Watch,00:25,2.1363925463843954,0.4761850368951727,184.66702883063948,3,0.04854775644321113,1
Unknown_Sensor,FF:FF:FF,1.820171824453691,2.0648353820996177,207.41975559310413,5,0.06903974650870977,1
Huawei_Watch,00:25,2.616198260039474,1.0876469174250951,260.52806247058595,5,0.01604423822762132,1
AirPods,00:1F,2.583848266570578,1.9472949321278799,223.79831293971762,9,0.004991525487862179,1
Unknown_Sensor,FF:FF:FF,1.9517592071527352,1.375562844674486,171.2730859745689,2,0.06820379369967765,1
Galaxy_Buds,20:AB,2.0595724402838496,1.1483147035293335,112.78628002792038,7,0.013449450271943669,1
Huawei_Watch,00:1E,2.28799351721755,0.6423474563626266,133.49821781882156,7,0.04239050088708209,1
AirPods,00:1F,2.2162152765500025,0.7746356446696605,101.74122941250872,7,0.026100313443291744,1
Unknown_Sensor,FF:FF:FF,1.7856188275088205,0.25540619976917806,248.79130219044796,5,0.028425579877911018,1
AirPods,00:25:96,2.1437953895536164,1.005216655196823,261.8047280583353,6,0.027411611721801725,1
Huawei_Watch,00:25,2.2899561744773074,0.6365990248537896,265.8628468251519,5,0.04507266915870833,1
Unknown_Sensor,FF:FF:FF,1.702775122808613,1.491939513891097,240.50008483969847,5,0.011526302881055965,1
Huawei_Watch,00:1E,2.712783937585284,1.460191579930497,296.8468998468868,4,0.06579049689482835,1
Galaxy_Buds,20:AB,2.2930250924428313,1.3085491330891637,230.50109373384137,5,0.05337698697553449,1
Unknown_Sensor,FF:FF:FF,2.363462226993321,0.7379640769024478,108.0930594864792,4,0.067208646275136,1
AirPods,00:25:96,2.7582934451105228,0.5379756127923699,204.55202831237398,9,0.05933131614688338,1
Huawei_Watch,00:1E,2.68676129475726,1.2673690697612472,271.9589349623291,4,0.009858606057305987,1
Huawei_Watch,00:25,2.633712871072408,0.7024048668735863,139.28384317440347,3,0.06542850445240236,1
Galaxy_Buds,48:03,2.5153678670936834,1.4283735221413807,256.52909484545995,7,0.07761882755319015,1
Unknown_Sensor,FF:FF:FF,1.9838252318209662,1.9865016009988101,125.4202378071669,3,0.0683762760074558,1
AirPods,00:1F,2.697982552298135,1.677836016109665,181.31135676162086,9,0.04612912057037742,1
Huawei_Watch,00:1E,2.2001007858660087,1.298915784110995,259.5464526696428,5,0.07151881640375686,1
Unknown_Sensor,FF:FF:FF,2.223820384206644,2.4818262990392936,243.26674968583043,3,0.07908173183963574,1
Huawei_Watch,78:85,2.2768522214349005,1.6481777466667609,204.39060069571278,6,5.227126090396439e-05,1
Huawei_Watch,00:1E,2.654816369246394,1.905589444217627,250.05315278776845,6,0.036665887567006034,1
Huawei_Watch,78:85,2.165643568379912,1.5667131645158179,284.1479300685271,7,0.07557325857368762,1
Unknown_Sensor,FF:FF:FF,1.7698032170674145,0.8429959648973799,263.5182193382875,4,0.000514816919743657,1
Unknown_Sensor,FF:FF:FF,2.488748335191867,0.6171289508132997,187.70776373800913,3,0.04103377318198126,1
Galaxy_Buds,48:03,2.6546204607085455,1.12677103486139,227.46193028211258,5,0.013656669064998414,1
AirPods,00:1F,2.243113860724991,1.3169877346742231,202.11615149191198,8,0.053602603024605344,1
Unknown_Sensor,FF:FF:FF,2.162810212415595,1.553444240489469,109.04374176813678,5,0.022277658314204186,1
AirPods,00:25:96,2.687426276486209,0.8856310033084285,104.99433242340992,6,0.017240060709404086,1
Unknown_Sensor,FF:FF:FF,1.5644986853404887,2.156415374488598,120.08673999230454,2,0.01513112800183877,1
Huawei_Watch,00:1E,2.5869372566478406,1.8658497536440928,139.9682542563879,5,0.06006157193688446,1
Huawei_Watch,00:25,2.640939993765555,0.9686399797759567,235.47862597777456,7,0.0668052756364016,1
Unknown_Sensor,FF:FF:FF,2.003519273367908,0.37864600985298924,103.44798739922552,5,0.0344889924077604,1
Unknown_Sensor,FF:FF:FF,2.507817267385434,0.8329491200310897,162.11507419238208,2,0.02657644567578573,1
Galaxy_Buds,48:03,2.0290494170281557,1.7016083418137737,207.51263566362448,6,0.015384791682690198,1
Unknown_Sensor,FF:FF:FF,2.602542005520319,2.757335949830669,259.27392118528076,5,0.028033060000815794,1
AirPods,A4:83,2.3378391696091905,1.5934859754494037,235.62276619084176,5,0.056499693004420974,1
Huawei_Watch,00:1E,2.656136572497454,1.0675099731678699,128.4510479553631,5,0.06796273723903211,1
Galaxy_Buds,38:A4,2.6941872513607166,1.4902063776408576,277.27223391407693,5,0.07429044496923153,1
Unknown_Sensor,FF:FF:FF,1.7143502095346799,0.8479712824488852,227.8238753016167,4,0.012037781680479798,1
Galaxy_Buds,20:AB,2.3127001690809643,1.4033395127703663,144.39855084497316,5,0.07238130733440944,1
Unknown_Sensor,FF:FF:FF,2.4800285075228867,1.7603060042740384,262.7847594988943,2,0.009183754180102408,1
Huawei_Watch,78:85,2.1048145735537545,0.9098734652691352,232.70471878269046,4,0.05736964547777548,1
Huawei_Watch,00:25,2.349738098136291,2.2179146690817224,159.01446985286188,3,0.035204643720751896,1
Galaxy_Buds,38:A4,2.6581545638999,1.6283533822440115,255.364396792433,7,0.009591287477816969,1
Galaxy_Buds,20:AB,2.3720184399325137,0.9334797538871835,188.70752521590845,5,0.01096715664630052,1
Huawei_Watch,00:1E,2.5425667056075025,1.8006520888194393,178.02404693766783,3,0.0036199351215110286,1
Unknown_Sensor,FF:FF:FF,2.45290013938941,1.9783856583373707,267.6798845757066,5,0.06984155152237728,1
Unknown_Sensor,FF:FF:FF,2.3541396477043395,2.625643459776894,171.91338122564827,2,0.07541273415733044,1
Unknown_Sensor,FF:FF:FF,2.574516396448903,2.362647891089085,118.80181325802725,2,0.006052888312328868,1
AirPods,A4:83,2.786397758942506,1.015270129912053,113.44683601811224,6,0.05910933417064262,1
Unknown_Sensor,FF:FF:FF,2.3020272355998523,2.531357471921951,140.15117107769623,4,0.013801910155708965,1
Huawei_Watch,00:25,2.492878974652447,0.9909859863294402,184.70958319837928,3,0.0025422787485859556,1
Galaxy_Buds,20:AB,2.1680495183412964,0.6174802415875267,120.82623727245439,4,0.055360900475732375,1
Huawei_Watch,00:1E,2.258565138225274,1.8735287351805585,150.57162365002222,4,0.028736699758615227,1
AirPods,A4:83,2.6744873125367454,1.6456409554937632,170.16382186700312,5,0.02625435862380896,1
Galaxy_Buds,20:AB,2.059281839312715,1.3267248659456985,186.78377780557153,6,0.017699095715685117,1
Huawei_Watch,78:85,2.5035307062904275,2.2285206684698653,256.3011295484364,7,0.016339740712973398,1
Unknown_Sensor,FF:FF:FF,1.6542368954640545,2.721123442103969,223.09596133036177,2,0.048134573121463686,1
Huawei_Watch,78:85,2.318261495869038,0.9994531898716474,230.83203085721968,4,0.07769207258946287,1
AirPods,00:25:96,2.600327293510762,0.6642810861584403,183.53339916339894,7,0.06188576813845763,1
Huawei_Watch,00:25,2.153762133820095,1.2511988919641988,210.1326758881703,4,0.06669152083801379,1
Unknown_Sensor,FF:FF:FF,1.9155476718796813,1.383077134999159,261.8668646064441,3,0.008469945457050345,1
Unknown_Sensor,FF:FF:FF,2.4750369357848485,1.635484764164104,196.80092825344775,2,0.005608651171300556,1
Huawei_Watch,00:1E,2.2272452070521536,0.7763504927603337,265.46042994744914,6,0.03353463007216971,1
Unknown_Sensor,FF:FF:FF,2.17375902938194,2.117309869110654,117.23122985399152,5,0.040194182973310115,1
Huawei_Watch,00:25,2.7706826062436036,0.9290704101890055,277.236354425869,6,0.0733136435625653,1
Galaxy_Buds,20:AB,2.4408744581042954,1.18706339300441,235.43161881468183,5,0.0034441922172534856,1
AirPods,00:25:96,2.378759455770608,1.5653691975677877,278.7189172900263,9,0.0006447282673695831,1
Unknown_Sensor,FF:FF:FF,2.5980656818172916,1.3645146071207392,168.2272873689463,4,0.04003818526933745,1
Galaxy_Buds,38:A4,2.1746521557779195,1.5044372776971011,149.38922893646574,5,0.04584337604952125,1
Unknown_Sensor,FF:FF:FF,2.6496616955924797,1.7103946494638635,249.1278641011434,4,0.07826838296454854,1
Unknown_Sensor,FF:FF:FF,1.9216495500035724,0.8315217149749494,137.95952098254185,5,0.05368745256687808,1
Galaxy_Buds,48:03,2.6627293712845685,1.1804670068692784,240.99363693208858,6,0.036352252358396224,1
Galaxy_Buds,48:03,2.69833597557597,0.720490594587573,182.73714753872304,5,0.009631006303127122,1
AirPods,00:25:96,2.226828295335058,1.9946081677756184,144.53521582461698,8,0.04371668333824995,1
Galaxy_Buds,20:AB,2.1121579206835546,0.6760600853258663,175.26606186930394,4,0.06377688580630102,1
Galaxy_Buds,20:AB,2.4832840053377505,1.0491986380557732,244.8934714718658,4,0.05293749461151653,1
Unknown_Sensor,FF:FF:FF,1.9363102548712852,0.40738009088705945,142.2989699562445,2,0.0667957764555523,1
AirPods,A4:83,2.1948216757562835,1.0555405130367155,273.6819047893868,8,0.0028744145748778394,1
Galaxy_Buds,38:A4,2.14958869909923,1.224008962979091,101.7436388933742,6,0.0022921942062123614,1
Galaxy_Buds,38:A4,2.5471308354374793,0.9901543265145436,144.61720457111625,5,0.04706817767865227,1
AirPods,A4:83,2.1043802297185294,0.6485256840331406,207.07358823633024,8,0.034089699036178464,1
Galaxy_Buds,48:03,2.5639541637543397,0.7935008294777578,140.6942327819013,8,0.007007303792475712,1
Galaxy_Buds,38:A4,2.23621799527496,2.2155146020063667,115.03448464240338,5,0.05302370193677773,1
Unknown_Sensor,FF:FF:FF,2.140295994928576,1.393688993635244,160.19221221797477,5,0.055504444557392944,1
Unknown_Sensor,FF:FF:FF,1.709777565904898,1.7443888713657003,244.97781927399754,4,0.07286421367758507,1
AirPods,00:25:96,2.287722057421439,1.3665793432184894,181.6911162816965,6,0.004534434573266833,1
Unknown_Sensor,FF:FF:FF,2.2602902211955467,1.111337657886311,244.5132176191983,4,0.05132035850050014,1
AirPods,00:1F,2.3361176679058593,1.2485885732880924,124.42230318485758,7,0.0329043177652985,1
Galaxy_Buds,48:03,2.5533643571901714,0.6104367068469725,198.20478192257195,5,0.03175937297659793,1
Unknown_Sensor,FF:FF:FF,2.3533016172001973,1.6449113009369456,114.76426333806475,5,0.021651515358541255,1
Galaxy_Buds,20:AB,2.6948072568414343,0.6436433174473184,277.9157789134266,6,0.013524942275177301,1
Huawei_Watch,00:25,2.504464935175759,2.478643708906803,157.8879043238976,7,0.061440434825056775,1
Huawei_Watch,00:1E,2.3992405178631877,1.1926832020050027,212.8463633369072,7,0.03436982911174753,1
Unknown_Sensor,FF:FF:FF,2.5702551764840393,1.7017148701010312,240.31300625633142,3,0.04188804377220894,1
Unknown_Sensor,FF:FF:FF,1.5521805168109766,2.602766116179729,278.5532945029558,2,0.05216744495053205,1
AirPods,00:1F,2.654024478622663,1.945927593688292,202.32771650380283,7,0.01007641571034866,1
Unknown_Sensor,FF:FF:FF,1.6212528808116209,2.802322534371879,124.31442632063693,4,0.05411869996164836,1
AirPods,00:1F,2.522205084086063,2.1380779028905317,215.07183462581972,8,0.022073815550443746,1
AirPods,00:25:96,2.424846682583153,2.7633485537767317,164.76391498048628,5,0.05217882825059526,1
Huawei_Watch,78:85,2.555297674176705,0.9096015382885391,124.40148271537781,4,0.0035997456988339496,1
AirPods,00:1F,2.2284166808051604,1.9259404706154981,182.27491428251787,5,0.03722695471515888,1
AirPods,00:1F,2.157119104003387,1.1206198187234815,105.57044816421488,8,0.062196437374590845,1
Huawei_Watch,00:1E,2.3071524206056315,1.9931787396465404,293.06054472607997,7,0.0644783120694067,1
AirPods,00:25:96,2.1172789100572094,1.3706086409579648,209.33926565926797,9,0.04807296045272689,1
Galaxy_Buds,38:A4,2.642087646604377,1.194499182190839,125.79066256647539,7,0.07931628542742336,1
Galaxy_Buds,38:A4,2.549338777277492,2.4877135886295214,208.98662509467016,4,0.06700246672608445,1
Unknown_Sensor,FF:FF:FF,2.7297020372417125,0.9987250632406472,100.20017695531374,4,0.006533382068807701,1
AirPods,00:25:96,2.5435981198358704,1.924307318491337,103.24868864189074,8,0.025882432998839324,1
AirPods,A4:83,2.4896048999515075,1.3225542210269772,126.91525342082156,8,0.07394034196824928,1
Galaxy_Buds,48:03,2.3492797818396363,1.000176491048597,260.96772128615453,6,0.023902629684340128,1
Huawei_Watch,78:85,2.109543816734075,1.1745437745439322,210.87133624327382,7,0.07661053170180704,1
Huawei_Watch,78:85,2.460122929417926,0.6041353251741787,209.77456030851994,4,0.048570822470686156,1
Unknown_Sensor,FF:FF:FF,1.7934460409908657,1.2527293149859176,186.4085279158154,5,0.007731586743020182,1
Huawei_Watch,00:25,2.7911353110056822,1.4658485365758849,206.3743533010033,4,0.005264940855246119,1
Unknown_Sensor,FF:FF:FF,2.2575287841480858,2.3936793168192634,158.84938438060155,4,0.025464327575387788,1
Galaxy_Buds,20:AB,2.601689477842556,1.6030630163366106,225.03767910583156,4,0.050591700517240684,1
Huawei_Watch,78:85,2.504944755760531,2.0642131073351417,240.12229927889032,3,0.06432765357068743,1
Huawei_Watch,00:1E,2.796278915637541,0.6220010510535131,256.0695725480317,7,0.0020551715895526534,1
Galaxy_Buds,48:03,2.4319741611000594,2.169910527107052,135.3242290071098,7,0.04408407626359459,1
Galaxy_Buds,48:03,2.3349437490750327,1.5882402033452643,197.44739576333887,7,0.05215206924499685,1
Unknown_Sensor,FF:FF:FF,1.6371284556993464,1.7810867464560536,197.9820797741778,3,0.0038473848329628347,1
Galaxy_Buds,48:03,2.652781212546716,1.451068720935925,148.92157289442326,7,0.024621672423451927,1
Galaxy_Buds,20:AB,2.683922173581623,1.4984988993621355,124.42389720261028,6,0.07261883465420102,1
Unknown_Sensor,FF:FF:FF,1.7469169773948292,2.0946933394685945,200.16363472278795,4,0.07532614821871471,1
AirPods,00:1F,2.6126719126182882,2.7178585181870707,295.0359951951017,9,0.05616859632910341,1
AirPods,00:1F,2.5396836718705003,2.7335419432447035,235.22100516287037,6,0.03298237822653324,1
Galaxy_Buds,20:AB,2.17561536992349,0.564984147992444,205.21776038670248,4,0.03022713709817493,1
Galaxy_Buds,20:AB,2.237513687116697,1.4130496395030288,129.14614119379846,7,0.07981995112081605,1
Unknown_Sensor,FF:FF:FF,1.6483819601025218,2.740830302103618,257.07791299168997,3,0.0706618881140979,1
Huawei_Watch,00:1E,2.371092087997389,1.9832566550331383,188.4066841862247,6,0.03175583783474343,1
Unknown_Sensor,FF:FF:FF,2.5578403468388955,2.739360672774387,216.77776950868946,3,0.01581113764729041,1
Galaxy_Buds,38:A4,2.183729409584885,1.4555685213194833,120.01757452087938,6,0.02704675274930091,1
AirPods,00:25:96,2.5729349167187703,0.5914071214383663,223.99371297483282,6,0.017193322510937536,1
Huawei_Watch,00:1E,2.3545517512436147,0.6366261525806476,123.29556993466741,5,0.023637433970140745,1
Unknown_Sensor,FF:FF:FF,1.6030643700205494,1.7277965128457657,263.44333817589927,3,0.013766882596210115,1
AirPods,A4:83,2.2060118653547502,1.5386515624203654,219.1359648323059,5,0.04189307328436886,1
Galaxy_Buds,38:A4,2.328940760423517,1.4054799290192506,136.13877545620215,6,0.06331278004055804,1
Unknown_Sensor,FF:FF:FF,2.577248777953776,2.315367812133023,149.87246494841193,4,0.0542792934920465,1
Huawei_Watch,00:1E,2.791424677369432,1.1816435249534878,178.82720935652563,6,0.003222841502239877,1
Galaxy_Buds,48:03,2.361398309438372,1.5774194970011952,268.4687046847407,4,0.07160522310809966,1
Galaxy_Buds,20:AB,2.5501476933462395,1.6594494316618558,161.53251138965658,8,0.0010325782384793581,1
AirPods,00:25:96,2.4968249573746752,1.343701424119275,222.07549906366552,9,0.009316714438537002,1
Galaxy_Buds,48:03,2.1324985521412065,1.3105291697611943,235.3831659178428,5,0.03540618767462523,1
Huawei_Watch,00:25,2.6743413091361923,2.383217946280448,217.6000926859257,3,0.04028375852095089,1
Unknown_Sensor,FF:FF:FF,2.221093132224877,2.4300172330850436,213.66258266494373,2,0.03563092207822978,1
AirPods,A4:83,2.273179822940842,2.579101846357235,132.92568565173374,8,0.0011464724693601002,1
AirPods,00:25:96,2.114714774708352,2.4670629273579197,264.97075349742073,9,0.06109538154802564,1
Unknown_Sensor,FF:FF:FF,2.588408383688363,1.666094958034227,167.28545959606043,4,0.03534669638415637,1
Huawei_Watch,00:25,2.2291213357419184,0.8855054779796887,177.34141140879558,6,0.031823475274327856,1
AirPods,00:25:96,2.4383059994764276,1.4186818409672974,267.8293216141505,8,0.0379547914896588,1
Huawei_Watch,78:85,2.118066575004227,1.7278975350952002,204.08988083305718,5,0.07024268102755656,1
Unknown_Sensor,FF:FF:FF,1.8355351079086089,0.506559734280974,265.15774173767403,4,0.0035252689256305113,1
AirPods,00:1F,2.4788890776591748,2.0493732354258274,109.11703158973376,7,0.047137169147828444,1
Unknown_Sensor,FF:FF:FF,1.885596226804221,0.40840633161146345,130.5796731794303,2,0.06371875114636646,1
Galaxy_Buds,38:A4,2.1720932097453804,1.0879073763641178,278.11096000917803,8,0.07591845336376012,1
Galaxy_Buds,38:A4,2.2674976323827987,1.5204099672211795,113.81645113997284,7,0.013589807552358106,1
Unknown_Sensor,FF:FF:FF,2.3343653718418658,1.3091297869989516,188.13593368576588,5,0.052237833752635146,1
Unknown_Sensor,FF:FF:FF,1.9359830880827011,0.6781220895726825,117.71635403824638,4,0.0774242190118788,1
Galaxy_Buds,48:03,2.275202990645811,0.8212327865727918,117.45382077377646,5,0.06380112362371887,1
Galaxy_Buds,38:A4,2.382850213189834,1.3451977203068899,266.0381710581024,8,0.022448065059033278,1
AirPods,A4:83,2.6476980685489515,2.882035088388731,148.1341029514306,9,0.01797259181134133,1
AirPods,00:25:96,2.3867710085047635,2.8477296044637397,136.17838027577966,7,0.026735417133848794,1
Huawei_Watch,00:25,2.360484150669189,1.6525223875790638,113.59465996388074,3,0.07657575708153877,1
Huawei_Watch,00:1E,2.5565925776293352,1.5031470337257695,235.15225857904477,6,0.07972210470388953,1
Unknown_Sensor,FF:FF:FF,2.322643393859959,2.2760841203421545,278.93469783620355,5,0.012698941069944764,1
Huawei_Watch,00:1E,2.715721047698233,2.5769007049960524,298.30655516547733,3,0.028350174638890824,1
Huawei_Watch,00:25,2.438661777902453,1.4041348801080002,171.56224986711862,5,0.027988350734468356,1
Huawei_Watch,78:85,2.5591323191688797,0.877153746249767,163.00210143668494,6,0.016808575432988145,1
Huawei_Watch,00:25,2.117639366374749,1.2515964533035904,256.04252970712673,6,0.05594715730021145,1
Huawei_Watch,78:85,2.621315709480447,1.3897673451228787,139.15112128112492,7,0.03905421402486512,1
Huawei_Watch,78:85,2.7383717089397432,0.5462289321297279,238.8034828211484,4,0.02305476207676236,1
Galaxy_Buds,20:AB,2.34736745533057,0.9283771748369347,232.22949412789632,8,0.02549516831924189,1
Galaxy_Buds,48:03,2.12208648697805,1.3376288796513098,116.45595852708487,5,0.057153128117639826,1
Unknown_Sensor,FF:FF:FF,2.029575181476682,1.607717957979101,261.3834385244218,5,0.022042925371268094,1
AirPods,00:1F,2.5039819576715345,2.637580293108422,219.3890446826345,7,0.06467159058432183,1
AirPods,00:1F,2.739129026822899,1.8730951129332951,136.15703011247592,6,0.014493748068001607,1
Unknown_Sensor,FF:FF:FF,1.8209141358744527,1.027321713247798,199.92408161557393,3,0.047172279612123814,1
Galaxy_Buds,20:AB,2.057102447927956,0.49313412152795194,130.9293028643785,4,0.017119574295865084,1
Unknown_Sensor,FF:FF:FF,1.5189916962415477,1.1730138293805608,208.87109728526463,5,0.05195030561892979,1
AirPods,00:25:96,2.6590590462496455,2.7386070537447518,104.02756978985796,7,0.04459239714513497,1
AirPods,A4:83,2.5637975424171495,2.438522767955551,277.182799099485,9,0.07453923226532065,1
Galaxy_Buds,20:AB,2.5041102226516583,0.9318866602513318,258.3554324129818,4,0.011010378751868909,1
Huawei_Watch,00:25,2.7322565391412947,0.45908316121897264,141.89115390190221,7,0.05399145624433238,1
Galaxy_Buds,20:AB,2.532003881473469,0.9877156547982604,173.92287394185092,8,0.07476351045724125,1
Galaxy_Buds,38:A4,2.547323639097823,1.9848890165464326,224.49801733597747,5,0.026284651990863876,1
Huawei_Watch,78:85,2.2277206284567432,2.7165031325097644,185.63678797343456,6,0.0165454314506717,1
Galaxy_Buds,48:03,2.2185328155983908,1.240426361966716,216.13934365203949,8,0.01857797527210745,1
Huawei_Watch,00:25,2.4663850295472303,2.611632140577803,262.4155222017358,3,0.029618574854766138,1
AirPods,A4:83,2.6356356836280743,0.8435872587468631,231.5432294551907,8,0.030134115234357,1
Huawei_Watch,78:85,2.1437019290944463,1.566816769851719,121.80272312818573,4,0.02535540974138251,1
Unknown_Sensor,FF:FF:FF,2.1313409249345603,1.6739935399342998,266.7169363391821,4,0.06857847498958329,1
Galaxy_Buds,20:AB,2.6382730400802643,0.5145169234205256,253.5992589805818,4,0.00430178493295867,1
Galaxy_Buds,48:03,2.3573992861099526,0.5638964718081336,156.17152803736371,6,0.014170171535860324,1
AirPods,00:1F,2.4117866647740507,0.7022129058031311,236.5305210088398,7,0.06495569877103068,1
Unknown_Sensor,FF:FF:FF,1.8762731634586707,2.3146817275730327,244.58408283966511,2,0.056403272508287416,1
Huawei_Watch,00:1E,2.276620315294607,2.495303552836488,133.771692674079,5,0.07675777463643295,1
Unknown_Sensor,FF:FF:FF,2.603827425946279,1.235172280857299,130.2901459313883,4,0.0541315707855878,1
AirPods,00:1F,2.381255194576597,1.8867871316274456,161.5748250548735,5,0.03687186705652655,1
AirPods,A4:83,2.5965721752770703,0.7529633057515095,267.7707723808138,9,0.07377535424410274,1
Huawei_Watch,78:85,2.312969304679037,0.7341924270258628,222.40170599189105,4,0.0037757361357903195,1
Galaxy_Buds,48:03,2.475413797823694,1.6890271508154286,148.70066616783845,6,0.05037026759508741,1
AirPods,00:25:96,2.1926015633557268,2.8462159048281035,216.52572920807313,8,0.04354058696122007,1
AirPods,00:1F,2.358395335666443,1.3572616015833074,168.81832356988843,6,0.01339677956143908,1
Huawei_Watch,78:85,2.123287579818551,0.6925313980774491,183.1722678815895,5,0.019997831269506376,1
AirPods,00:25:96,2.564202374282646,1.9288792883764942,183.02913079854915,9,0.032856739631333294,1
Galaxy_Buds,48:03,2.6265396227998834,2.1771334322336586,221.23838406365036,6,0.03664228932670949,1
Galaxy_Buds,48:03,2.5264800328878825,1.4283244330715892,157.75381769497184,4,0.07965875616410585,1
AirPods,00:25:96,2.7444839805450334,1.3280404158189585,110.94654138499718,5,0.033495611466214735,1
AirPods,00:1F,2.100158926752779,2.696003690594065,268.7758822461858,6,0.013425167651682291,1
Galaxy_Buds,48:03,2.047323324630668,1.892864215300427,267.18543292381935,4,0.05644501693197529,1
Unknown_Sensor,FF:FF:FF,2.1661106669517385,1.1418461501383013,167.46848638299957,5,0.0568800769559849,1
Galaxy_Buds,20:AB,2.524565311706909,2.3192499428058166,119.44521234848426,5,0.004306441992676726,1
Galaxy_Buds,20:AB,2.27426762623202,2.0652839257929134,161.4240009563897,8,0.054921115443460206,1
AirPods,00:1F,2.714216488622218,2.3556404030210194,234.31754858778518,6,0.04279733387275552,1
Unknown_Sensor,FF:FF:FF,2.7854927036947617,1.5047266048636747,277.6412701698936,5,0.02235562458551221,1
Galaxy_Buds,20:AB,2.620551768649332,1.1770134872687408,255.32603083197802,8,0.05650975974479969,1
Galaxy_Buds,20:AB,2.004887583316244,1.187658131859399,142.25579591049484,6,0.0014620055778804986,1
Unknown_Sensor,FF:FF:FF,2.575780802139962,0.20161443485394734,155.40744700470145,2,0.010961672802905654,1
Unknown_Sensor,FF:FF:FF,1.5886426056951015,0.7052355301083546,199.99892257941158,4,0.017913967023727162,1
Galaxy_Buds,38:A4,2.3070532501722383,2.450491768059565,245.41581622311662,6,0.026412476025248353,1
Galaxy_Buds,20:AB,2.667382015567467,0.4324992787806544,153.5770499622905,4,0.025170312714815905,1
Huawei_Watch,78:85,2.6910204049066677,2.597938200041613,243.58653818802037,5,0.026102572125515717,1
Galaxy_Buds,48:03,2.5326201843700566,0.394027133336293,255.63742382849424,8,0.013750120970873941,1
AirPods,A4:83,2.6165162906181196,0.8336052924777864,188.0142150132997,6,0.04094243652555846,1
AirPods,00:1F,2.451725954833936,0.5345149663619672,260.59626026182076,8,0.048474095633139785,1
Unknown_Sensor,FF:FF:FF,1.875659082397376,1.2180456137045867,170.79772066933396,3,0.035636234378743026,1
Unknown_Sensor,FF:FF:FF,2.398620662921786,0.6524296561221674,155.85552677881856,2,0.06638570117738281,1
Galaxy_Buds,20:AB,2.451874049487366,0.6427011732763743,198.468162210804,6,0.03018905414373206,1
AirPods,00:25:96,2.1278680076120278,1.1575714387279323,291.1298934532979,8,0.07756927511234704,1
AirPods,A4:83,2.5897175731164697,2.547023321250995,123.16461644735885,9,0.011295925082974794,1
Huawei_Watch,00:1E,2.1760777775622846,2.7550181857390643,176.323299821827,7,0.027407286624890545,1
Huawei_Watch,00:25,2.234411259318026,0.7504504463127102,287.61282791362623,5,0.06607527352895345,1
Huawei_Watch,00:1E,2.746851092191978,2.368777811553282,212.3727579619037,6,0.05085162575620906,1
Huawei_Watch,00:1E,2.2039547471505765,1.8315209809925048,262.8767841338163,6,0.010581497207878536,1
Galaxy_Buds,48:03,2.166238313618569,0.9597747045879796,215.70311269113563,4,0.042086601473392236,1
Galaxy_Buds,48:03,2.498865933290581,0.7249520184985521,184.8354894233418,5,0.01441269181860954,1
Unknown_Sensor,FF:FF:FF,2.172481526797929,1.3153899738632893,135.88218810481297,5,0.0020278883411150783,1
Huawei_Watch,00:1E,2.321270918082879,0.5337780486098602,221.9625523096234,5,0.006965696446184655,1
AirPods,00:25:96,2.481843238346385,0.9969370001192788,208.7946222569935,9,0.06791390955808582,1
Unknown_Sensor,FF:FF:FF,2.129018284523605,0.5327681369578889,155.38223610603075,2,0.008919015027102555,1
Galaxy_Buds,38:A4,2.144056063892595,1.9314454386270252,198.4019076815161,8,0.04431946044025047,1
AirPods,00:25:96,2.23682060025788,0.8989504689239809,283.29783022310284,6,0.016101103050757796,1
Galaxy_Buds,20:AB,2.0804344403533372,0.308441720117162,190.36147559305277,6,0.004360954195026103,1
AirPods,A4:83,2.4494392627889323,1.019790045505378,274.52517709717927,6,0.07353664248429802,1
AirPods,00:1F,2.3394928200783265,2.807721757130159,188.97048656550817,9,0.015226958007603804,1
AirPods,00:1F,2.4874909728636507,1.2181568103225453,186.17165507645416,7,0.034695546505630406,1
Huawei_Watch,00:1E,2.354278746173067,2.305444320284443,288.1984645148874,6,0.06440778496329079,1
AirPods,00:1F,2.3765373364997573,0.6230323020223956,180.37525424734793,6,0.04667372152147481,1
Huawei_Watch,00:1E,2.5443208987728205,0.8474075316495391,249.87388732899137,5,0.009027454974689713,1
Galaxy_Buds,48:03,2.3392826618554152,0.35910883889885764,168.48673938874646,6,0.0773816952296238,1
AirPods,00:1F,2.769994382777857,1.5250521088648237,195.0200681383441,8,0.0769681683332022,1
AirPods,00:25:96,2.5328035591283515,2.1336136957417686,233.34630597151795,9,0.016478402870156936,1
Unknown_Sensor,FF:FF:FF,1.5699165534305912,0.2596317823131853,164.43301501589764,2,0.053064856760320155,1
Galaxy_Buds,38:A4,2.1072011500587693,1.9018561621395662,208.04525381792496,7,0.05606925593003429,1
Unknown_Sensor,FF:FF:FF,2.7680334779901683,1.7486208560721168,161.49540028430835,2,0.04125412408616585,1
AirPods,00:1F,2.17570851020135,2.5210564699604276,222.8266352375036,9,0.03149084162219537,1
Huawei_Watch,00:25,2.3380030702419243,2.487159243549211,117.6268861953383,5,0.05443075310100177,1
Huawei_Watch,00:25,2.215849842264559,2.0958499095861227,207.06955361233133,5,0.015718957356496893,1
AirPods,00:1F,2.1290481278569344,1.2729620844697513,211.94893226673497,6,0.05335419579669446,1
Huawei_Watch,00:25,2.7671840800758964,2.1261884813819965,286.03304057251,6,0.007417184864821591,1
Galaxy_Buds,20:AB,2.575149098845269,0.5230356534336997,242.54043828323125,6,0.03858192000652348,1
Huawei_Watch,00:1E,2.2163787312447907,1.311369771571957,223.43884542339333,6,0.04661489172436663,1
Huawei_Watch,00:1E,2.1849904338534807,2.1307176576563767,136.75693302158024,7,0.053334852151401047,1
Huawei_Watch,78:85,2.5217284193200866,1.5754860831717776,205.73132079785512,5,0.010909626197405266,1
Unknown_Sensor,FF:FF:FF,1.7568226773820217,2.3739708728730173,133.4398518457674,2,0.03084428515210511,1
AirPods,00:1F,2.699200752425207,2.2998888363257786,261.0233702632355,8,0.027760186832975996,1
Huawei_Watch,00:25,2.4516602739804667,1.1869215856438204,247.42648279132783,7,0.0379815204834921,1
Unknown_Sensor,FF:FF:FF,2.607876108562176,0.31052164981073255,108.93906846274939,4,0.05925308648533008,1
Unknown_Sensor,FF:FF:FF,1.92199191906321,2.0164411628666947,160.70804128976073,3,0.04913489954552091,1
Galaxy_Buds,48:03,2.338448659574763,1.244128882308308,113.48125156035707,4,0.03654542436449081,1
Unknown_Sensor,FF:FF:FF,1.8117659378685673,0.7263873330463024,190.88406122502505,5,0.03023952309009225,1
Galaxy_Buds,38:A4,2.326377297069485,2.042258370520281,172.41526744882697,8,0.05752604964086494,1
Huawei_Watch,78:85,2.690795430359417,1.0297801035743246,184.3425235051833,4,0.04933701661174208,1
Huawei_Watch,00:1E,2.3423378206762293,1.9690882026987078,170.03973620464382,7,0.07078463576245207,1
AirPods,00:1F,2.382969149474927,2.8838364714313918,273.7114056498922,6,0.06920568795003151,1
Huawei_Watch,78:85,2.590605988070716,1.0844939264329938,226.15408403452415,7,0.023203522254238926,1
Galaxy_Buds,48:03,2.1856459758977804,0.6734702430642183,117.21532528426887,5,0.00449794358807778,1
Unknown_Sensor,FF:FF:FF,1.7234863250452357,1.6777766477166123,129.62786926592344,3,0.01997953433834842,1
AirPods,A4:83,2.696433891063285,1.8421235162442995,202.94843875135598,8,0.0724986815548111,1
Unknown_Sensor,FF:FF:FF,2.7527907452931637,1.2178626516744724,208.57835117791078,3,0.0008440897960151884,1
Huawei_Watch,00:1E,2.69566632958476,1.2300612591406463,107.0430347051047,6,0.06416306162262948,1
Huawei_Watch,78:85,2.4761383477902266,0.8606930535897418,243.84688380882935,3,0.010503037760385938,1
Galaxy_Buds,48:03,2.14125646377672,2.299418294977097,236.87201211174687,6,0.024077305570529735,1
Unknown_Sensor,FF:FF:FF,1.7013148463024677,1.20709955603053,137.62666672946602,5,0.04932975825322201,1
AirPods,A4:83,2.3283191778897776,1.624536787018723,129.59166682188118,7,0.0677815527970179,1
AirPods,A4:83,2.7664669561570463,1.3204778451155623,297.160731890061,9,0.025432373901862686,1
Unknown_Sensor,FF:FF:FF,2.079573214775121,2.4049691566443836,259.34299816736177,5,0.040429220520474374,1
AirPods,00:1F,2.5441895274190673,1.9908471732657997,124.14932717933603,6,0.07483155917342389,1
Unknown_Spoofing,00:25:96,8.765337571147606,12.736320634867546,545.3615727997708,1,0.09286442792085317,0
Unknown_Spoofing,00:25:96,5.860622486496222,12.392275291362509,769.465935019861,2,0.07048024090562095,0
Unknown_Spoofing,00:25:96,7.954184213587854,8.446561893775185,554.8892564840828,2,0.07034879945553126,0
Unknown_Relay,BB:CC:DD,5.948840638664103,9.499441894359496,415.3028473380499,1,0.09051485536784067,0
Unknown_Relay,BB:CC:DD,5.405520505358417,8.041716743131467,460.86010154449394,2,0.12408692683852178,0
Unknown_Relay,BB:CC:DD,3.656315125232639,7.28354354886652,426.85767023203414,1,0.11082113767664467,0
Unknown_Spoofing,AA:BB:CC,7.969479748359127,9.598318766580276,423.3831948947508,0,0.07892439028196682,0
Unknown_Spoofing,00:25:96,7.6549709545015485,8.827668747304983,781.5780849975104,2,0.10772160730089501,0
Unknown_Relay,BB:CC:DD,3.4552287388591574,9.184656093810599,399.42176147325387,2,0.05774829737923859,0
Unknown_MITM,CC:DD:EE,5.642926173964048,10.03709830381948,302.2059133663281,2,0.06310586308042904,0
Unknown_Relay,BB:CC:DD,3.1152026319790336,7.577750751765931,493.7095522375002,3,0.10144896023120387,0
Unknown_MITM,CC:DD:EE,7.639720632638874,11.738095006926052,474.62103933726706,1,0.12173627530363669,0
Unknown_MITM,CC:DD:EE,5.827552286949068,9.800866919454684,415.81528069555077,2,0.12569276593414414,0
Unknown_Spoofing,AA:BB:CC,8.454564209668625,14.977664264767762,570.7433315180358,2,0.0530415880807968,0
Unknown_Cloning,00:25:96,8.43306152088922,8.765700687555348,405.4568130164671,1,0.05546103032134691,0
Unknown_Cloning,20:AB,6.8067685984644,9.32701483385266,514.2923946962403,0,0.11508332215614848,0
Unknown_Spoofing,AA:BB:CC,5.702688399823643,11.592329241968809,686.1524068714621,2,0.09716263651952617,0
Unknown_MITM,CC:DD:EE,4.038173412268907,6.602411468787758,412.7557395545938,2,0.08430267125900244,0
Unknown_Relay,BB:CC:DD,4.370191778657521,7.304614307389762,215.74451302991827,2,0.09603553731348269,0
Unknown_Relay,BB:CC:DD,4.055654503041019,9.93930713349005,356.46529517329014,1,0.12204567414627561,0
Unknown_MITM,CC:DD:EE,6.543643062838953,12.126947405300253,323.76394500251126,1,0.1274485603119791,0
Unknown_Spoofing,AA:BB:CC,6.8708824638846036,12.241277706256382,571.3407202275384,2,0.07902551053725294,0
Unknown_Relay,BB:CC:DD,3.0315396736249607,10.333229260642387,467.99134813643684,1,0.12919930334057095,0
Unknown_Cloning,20:AB,5.628930622722497,11.077251606430085,668.1028922116512,0,0.08358163646415345,0
Unknown_Spoofing,AA:BB:CC,8.707630248583456,14.73440949258946,603.583616168819,1,0.07786943159285258,0
Unknown_Cloning,00:25:96,5.142664370127903,11.6386366083818,448.8925936315236,0,0.13236455947530906,0
Unknown_Spoofing,00:25:96,7.350507946460435,13.744142525269037,556.9068166094188,2,0.12300017210808614,0
Unknown_Spoofing,AA:BB:CC,5.255603768193495,8.520342262202501,446.14512052228156,1,0.08032197838442505,0
Unknown_MITM,CC:DD:EE,6.851529477378946,9.143274684839145,377.61328422469035,1,0.14095953911109443,0
Unknown_Spoofing,00:25:96,8.242734281350367,14.638586869522433,436.5302937334228,2,0.11101960089858345,0
Unknown_MITM,CC:DD:EE,6.150160574561385,6.11357307577379,377.2895996290587,1,0.11883384115465648,0
Unknown_MITM,CC:DD:EE,6.932641512547198,13.96337210340365,386.25335981512774,1,0.07367153058448697,0
Unknown_MITM,CC:DD:EE,5.62258103778895,7.353295150739362,593.2369689551527,1,0.0557741079467036,0
Unknown_Cloning,20:AB,4.765725650062223,9.173313530909244,386.31472023754975,0,0.10151670283865888,0
Unknown_Spoofing,00:25:96,7.445366624990905,10.596815988145183,708.8608110463352,2,0.05136616854706094,0
Unknown_Spoofing,00:25:96,5.115777266973469,9.677520494702897,412.955655110398,0,0.10138665257132716,0
Unknown_MITM,CC:DD:EE,5.368277738630221,12.47982994946778,371.48690116592746,1,0.12505984567441264,0
Unknown_Relay,BB:CC:DD,3.782547737886267,5.063609244658514,394.48925818964045,2,0.09455178144931611,0
Unknown_Relay,BB:CC:DD,3.238815230977517,9.94869422945396,396.3039378958573,1,0.10692064631294276,0
Unknown_Cloning,20:AB,7.123975907759541,12.744113425016012,480.21524873427256,1,0.06314123828552684,0
Unknown_MITM,CC:DD:EE,5.57791756335543,12.93648145903158,373.1985907057417,1,0.1099597260044054,0
Unknown_Relay,BB:CC:DD,3.742894929214316,7.436363688341244,468.6667222621655,1,0.13890121901109592,0
Unknown_Relay,BB:CC:DD,4.578282039754626,9.814384444560144,282.0423546124939,1,0.0551657357114641,0
Unknown_Cloning,00:25:96,6.238294673154954,9.827785536485765,460.4716253785033,1,0.14485203275139152,0
Unknown_Cloning,20:AB,4.530584468637503,13.110852001601712,529.9286722681649,1,0.09447127768583358,0
Unknown_Relay,BB:CC:DD,4.923074572906064,10.504321587765283,321.532416376357,1,0.12159846935417241,0
Unknown_Cloning,00:25:96,4.898602528364898,12.414978206620612,372.4331488626614,1,0.14864874015717294,0
Unknown_MITM,CC:DD:EE,4.843879562479802,12.732976060342192,309.10614165990125,2,0.09173916240061003,0
Unknown_Cloning,00:25:96,8.720216099932802,12.417159733373353,391.65745657259936,0,0.06990934199359257,0
Unknown_Cloning,00:25:96,7.291056820325042,11.358408682208786,393.9752223443099,0,0.12153641152288897,0
Unknown_Cloning,20:AB,7.92147699631862,12.779291075708358,352.5871655055026,0,0.08666788797029815,0
Unknown_Cloning,20:AB,8.894054382459345,14.637330855032552,630.0481539632266,0,0.08032829394045271,0
Unknown_Cloning,20:AB,6.113976133619066,9.14233979618107,501.2808708265779,0,0.1358322938878858,0
Unknown_Relay,BB:CC:DD,3.037789203815361,9.511395430644157,254.85935802646173,1,0.056090554323518275,0
Unknown_Spoofing,AA:BB:CC,5.039310210279151,10.86427811220942,531.7517077208303,2,0.13662328702676702,0
Unknown_Relay,BB:CC:DD,3.9122839079138516,10.681389101113975,288.17502815148015,2,0.14839063638971633,0
Unknown_Spoofing,AA:BB:CC,8.407161354642167,8.368020784677022,441.7661477992472,0,0.11096819082757774,0
Unknown_Cloning,20:AB,5.203629637401938,13.014385308695463,548.8940156940689,0,0.050207651760008125,0
Unknown_Cloning,00:25:96,6.8322587430991994,12.777728789389169,410.95484233838874,1,0.11317224183265841,0
Unknown_Relay,BB:CC:DD,4.333882973741714,5.1895679356903575,334.780447539691,1,0.08102352837447048,0
Unknown_Spoofing,00:25:96,7.016531367673753,10.259668554134953,503.24305726936586,0,0.10539794872200806,0
Unknown_MITM,CC:DD:EE,7.710982932301629,12.941616783353911,512.2861757221606,1,0.1121106324910203,0
Unknown_Relay,BB:CC:DD,5.423871984327057,10.374352324000363,234.18976613577235,1,0.13343247957493987,0
Unknown_Spoofing,00:25:96,7.585629500912356,11.208544355984143,611.482927953621,2,0.13237463879508005,0
Unknown_Relay,BB:CC:DD,3.2443416386734776,8.045102160381564,287.79652930022235,2,0.07651132504151488,0
Unknown_MITM,CC:DD:EE,6.766573607893273,12.360092295427762,349.00633492294696,2,0.10850351687186618,0
Unknown_Relay,BB:CC:DD,5.631382685695505,8.697324832294493,340.17829880225077,3,0.14106649953838885,0
Unknown_Cloning,00:25:96,5.080887878141078,12.938390053871554,575.0865234162476,1,0.0612397027176013,0
Unknown_MITM,CC:DD:EE,4.879447825475907,9.558714874724236,569.8237566501975,1,0.08850580557189616,0
Unknown_MITM,CC:DD:EE,7.2845696988813895,13.755927195249425,436.1778409265388,2,0.06125031305266318,0
Unknown_Spoofing,AA:BB:CC,6.100395526236498,12.473754928962943,536.3847894571954,1,0.07635514794967778,0
Unknown_Cloning,00:25:96,8.688025150030793,7.197155237090581,593.8411457556189,0,0.0723009823533733,0
Unknown_MITM,CC:DD:EE,7.897757242553901,13.804815353253218,319.5830272699392,1,0.11809532914035761,0
Unknown_MITM,CC:DD:EE,6.589368537492365,7.026799412917558,495.056149933696,1,0.12678763636337115,0
Unknown_MITM,CC:DD:EE,5.756522643219402,6.319583786288755,408.68804700006143,2,0.05642385758571259,0
Unknown_Spoofing,AA:BB:CC,8.3001412765712,14.008313022466474,585.4488297373799,1,0.14285555328941357,0
Unknown_Relay,BB:CC:DD,3.825510337464204,7.7857224246653,479.4436977790042,3,0.14725682356497366,0
Unknown_Spoofing,00:25:96,6.911469419652543,10.486987819658458,673.00469204648,0,0.11995342576155238,0
Unknown_MITM,CC:DD:EE,5.072572918447683,8.525347849312528,337.5753693288624,1,0.06025291982278014,0
Unknown_Cloning,00:25:96,5.128615676713224,12.725887411286362,690.4777955797554,1,0.09593036882130737,0
Unknown_Spoofing,AA:BB:CC,7.683060101772143,13.74881594260992,497.8620218418852,2,0.06372271466168711,0
Unknown_Spoofing,00:25:96,6.407719082927107,11.123044795200187,668.6640923991595,1,0.060187876413955656,0
Unknown_MITM,CC:DD:EE,6.524197573080882,6.199872658254796,516.2175336080037,2,0.13437287927102576,0
Unknown_MITM,CC:DD:EE,6.527520636987541,10.21640125194051,474.7601332322208,2,0.12566465493523987,0
Unknown_Spoofing,AA:BB:CC,5.74636038749267,9.317625398383319,473.6994606290697,1,0.1447796066014457,0
Unknown_Spoofing,AA:BB:CC,5.49948030762369,11.678115884535256,443.7963890217849,2,0.13194956853860523,0
Unknown_Spoofing,00:25:96,6.398457595230889,12.174425482477432,509.6851556496588,1,0.09407390410842635,0
Unknown_Spoofing,00:25:96,8.35359855236876,13.0093450188025,674.7765740014041,1,0.07058819881783211,0
Unknown_Cloning,00:25:96,5.0674956375538125,8.038856107343047,586.6685112247887,0,0.1119747854491566,0
Unknown_MITM,CC:DD:EE,6.513388470197778,7.472810586887656,331.6951036346792,1,0.11022563023772572,0
Unknown_Relay,BB:CC:DD,4.8548550630411595,10.470234621282964,410.98316831973546,3,0.13091948036567413,0
Unknown_Relay,BB:CC:DD,5.242561910239514,10.955969301254669,285.8405127374943,1,0.05191678875249778,0
Unknown_MITM,CC:DD:EE,7.831884265929816,6.26738857948403,473.9378531498865,1,0.12889270239488793,0
Unknown_MITM,CC:DD:EE,4.703561133674649,7.8830660951868605,448.31124331372746,2,0.09835745857038675,0
Unknown_Cloning,00:25:96,8.645147460813789,14.808688193596574,427.7989683235048,1,0.06466145571598422,0
Unknown_Spoofing,00:25:96,5.931516584607261,9.097323000561476,673.3717660629081,2,0.13326937463494198,0
Unknown_Relay,BB:CC:DD,3.928387729338547,8.13580159467533,321.64150289912556,2,0.05023234061319303,0
Unknown_Relay,BB:CC:DD,3.8844517150403006,7.481837461800252,369.37822438709645,3,0.09578049325592067,0
Unknown_Cloning,00:25:96,8.454359356546185,8.573337859122457,681.5549997970234,1,0.14069855184382435,0
Unknown_MITM,CC:DD:EE,4.8923453381158994,10.365349319749079,505.1925389745424,2,0.1176820043630047,0
Unknown_Spoofing,AA:BB:CC,5.753210099668426,10.126145323575695,437.20696370507,0,0.10745821975518796,0
Unknown_Cloning,20:AB,6.80967227056699,7.8577791536679,498.2187032372665,1,0.11434289495173307,0
Unknown_Cloning,00:25:96,4.939245171490462,8.33478862564462,673.3059885568716,0,0.06649340268527311,0
Unknown_Cloning,00:25:96,6.1465468437801345,8.835148017235056,426.4060891340293,1,0.1128734015059993,0
Unknown_MITM,CC:DD:EE,4.411072970599127,7.3775798353890645,429.2951186544609,2,0.10694972585185758,0
Unknown_Spoofing,00:25:96,8.966497371844913,9.145313428967935,676.711055656793,1,0.09670178665217416,0
Unknown_Spoofing,00:25:96,5.905109336575228,8.922647809276755,754.8170977787847,1,0.060702913421103816,0
Unknown_MITM,CC:DD:EE,7.428387758439664,12.53685679333409,434.50394115739005,1,0.09301427320968263,0
Unknown_MITM,CC:DD:EE,4.3132066819182295,10.587454602845288,329.50347647706394,2,0.1440750859234461,0
Unknown_Spoofing,00:25:96,8.498974598626264,13.162020089989856,501.1349602761157,1,0.07679972668843779,0
Unknown_Spoofing,00:25:96,7.532714699583089,13.047382626285103,502.86094044363836,1,0.052812150627792376,0
Unknown_Spoofing,AA:BB:CC,7.507013394169325,9.022675958789241,729.2014297787739,2,0.11522811128184463,0
Unknown_MITM,CC:DD:EE,7.474211323143351,7.391687101569804,313.85894496048866,2,0.1409564427380301,0
Unknown_MITM,CC:DD:EE,4.709405446638971,6.056343316993135,541.6488138096734,1,0.07651707411833555,0
Unknown_Relay,BB:CC:DD,5.036662011566355,6.65758309819326,225.188769034018,2,0.12951102825267247,0
Unknown_Relay,BB:CC:DD,5.965471453460414,7.410156233239715,218.52871588705992,1,0.07994231248031067,0
Unknown_Relay,BB:CC:DD,3.639611794167405,10.472102923033315,261.12664575498314,1,0.05883969671467584,0
Unknown_Relay,BB:CC:DD,4.198296837092563,7.932504567561932,354.3685371044895,3,0.066653851349727,0
Unknown_Cloning,00:25:96,8.19382054168408,9.251818419607355,374.5240435024163,0,0.1157949485781626,0
Unknown_MITM,CC:DD:EE,6.3230743344576865,13.430107369643938,449.02302840179533,2,0.09831346455654993,0
Unknown_Relay,BB:CC:DD,5.125750637303476,10.123109161005505,252.1891117710016,1,0.12528474750913837,0
Unknown_Relay,BB:CC:DD,3.2120898245530984,7.530781314340697,360.43983988435775,1,0.05344032084534583,0
Unknown_Spoofing,AA:BB:CC,8.43572939729891,10.413388368299119,556.1182188851083,0,0.13865954415023984,0
Unknown_Spoofing,AA:BB:CC,7.4172176792859155,12.410130764331791,566.9531767201893,0,0.11267705194172219,0
Unknown_Cloning,20:AB,7.396739128462256,9.217154814986879,507.386942014302,0,0.12360354004260656,0
Unknown_Cloning,20:AB,6.777201115853265,8.30008852237965,685.9110025116893,1,0.12173727740629733,0
Unknown_MITM,CC:DD:EE,5.62709499428802,12.098889709657382,343.1628466169341,1,0.14454948605595003,0
Unknown_Cloning,20:AB,6.458817258844354,11.201231152893026,419.8700826809711,0,0.09226866196574257,0
Unknown_Spoofing,00:25:96,6.770774807869744,13.125534444185556,493.2075857587339,2,0.08829030140372458,0
Unknown_Cloning,20:AB,6.082740501055435,10.521442629577546,374.2577205634032,0,0.09156277820291552,0
Unknown_Relay,BB:CC:DD,5.216791366048417,5.204189246035203,362.371464330149,1,0.09879001952793018,0
Unknown_Relay,BB:CC:DD,3.1671839571029534,11.382094938391429,410.62477006534897,1,0.09801835152618879,0
Unknown_Spoofing,00:25:96,7.2634071496426875,14.417292021831226,720.3272399439002,1,0.05007477083705311,0
Unknown_Relay,BB:CC:DD,4.758706496342285,8.446569340908741,257.69473183530516,3,0.07177248987989022,0
Unknown_Relay,BB:CC:DD,5.744526449554964,7.347847694474428,485.6792043600117,3,0.14348930465545084,0
Unknown_Relay,BB:CC:DD,4.628821333467983,5.905664318766906,312.74636570238226,2,0.14299355940740854,0
Unknown_Spoofing,00:25:96,5.726525687515288,10.116770182127455,420.3210358755769,1,0.13531281719102367,0
Unknown_Relay,BB:CC:DD,5.1312654450372355,7.93246537355043,355.1816509262932,3,0.05282287596507064,0
Unknown_MITM,CC:DD:EE,6.665629218779676,8.28323254770738,475.7425182645733,1,0.09298446697431553,0
Unknown_Spoofing,AA:BB:CC,8.848851640463778,14.751417575166979,515.7745472120088,0,0.14728441586600222,0
Unknown_Cloning,00:25:96,6.357052117706171,7.803660397447747,528.2052879469109,0,0.0748287479630846,0
Unknown_Cloning,20:AB,6.25225400850093,12.86090159392319,589.6538073583516,1,0.13456420916244213,0
Unknown_Cloning,20:AB,4.687019317225164,8.654381408353153,673.7725947564693,1,0.13793930568071955,0
Unknown_Cloning,20:AB,6.037066741642056,9.708055035403783,352.48213447102984,1,0.13581389250266543,0
Unknown_Cloning,20:AB,8.911175435174247,12.200905787353708,609.707858157916,1,0.054486055762771705,0
Unknown_MITM,CC:DD:EE,6.532340505984953,13.192191861195871,487.1231178262787,1,0.13109351926726104,0
Unknown_Spoofing,00:25:96,8.788611744025419,10.845239025664505,708.734414092044,0,0.11723482676428648,0
Unknown_MITM,CC:DD:EE,4.349667231484336,13.491946650481806,547.6604524561247,2,0.07171032294698904,0
Unknown_Relay,BB:CC:DD,5.415357626263995,10.950929142795257,286.7451003362453,3,0.06828930530686686,0
Unknown_MITM,CC:DD:EE,4.599637012988559,10.300649104412114,472.7377413366929,2,0.08996580020857536,0
Unknown_MITM,CC:DD:EE,7.841467098488521,6.356704741873152,342.9185858170207,2,0.12013635603104414,0
Unknown_MITM,CC:DD:EE,7.729067535683889,11.327577328643713,546.7972405441282,1,0.14533163722009607,0
Unknown_Spoofing,00:25:96,7.854825034706829,13.72701906789461,666.9327398670773,0,0.10032204148586343,0
Unknown_Cloning,20:AB,6.6838078532777185,8.195053089811456,576.8899339272377,0,0.1359940714183409,0
Unknown_MITM,CC:DD:EE,6.452464956276966,7.257631068455634,588.7014172443621,2,0.12625340377755345,0
Unknown_Relay,BB:CC:DD,4.880498713245202,6.772392349089672,441.1080355631907,3,0.11223029790740262,0
Unknown_Cloning,00:25:96,5.429404817874029,12.880209192840791,653.2578721371646,1,0.10469155137931241,0
Unknown_Cloning,20:AB,4.902629052646742,10.34387268405531,648.6496794985208,0,0.14630941308978024,0
Unknown_Cloning,20:AB,7.940557186917436,7.632608167813185,506.62601139482786,1,0.12199968026274462,0
Unknown_Cloning,20:AB,7.3041203418652145,9.84853839295316,626.1198870380534,1,0.05966405841648714,0
Unknown_Spoofing,AA:BB:CC,6.280226907541164,13.342050404218929,720.8996716940457,1,0.13665956885955033,0
Unknown_Relay,BB:CC:DD,3.133527117828514,7.023957028931327,335.385553153292,2,0.12003478888665695,0
Unknown_MITM,CC:DD:EE,7.4127032490312015,10.650568157800427,323.6789565115237,1,0.14361630415509963,0
Unknown_Spoofing,00:25:96,8.801116894445627,11.749822793192209,557.6761978399632,2,0.1296861570276191,0
Unknown_Cloning,00:25:96,8.12459827368264,9.708889832901061,369.40154612943184,1,0.09035199924402113,0
Unknown_Spoofing,AA:BB:CC,6.967712096156517,12.009407568159762,495.3348842511988,2,0.11045741102582421,0
Unknown_Relay,BB:CC:DD,4.0021366452598786,5.747746950747934,271.65354812108205,1,0.06062659047923959,0
Unknown_Cloning,20:AB,5.267421220042016,10.578804392045004,423.66088526178703,0,0.08231452172794172,0
Unknown_Relay,BB:CC:DD,3.8710856561000426,5.574075188457313,289.547929422489,1,0.14655179182347663,0
Unknown_Cloning,20:AB,5.662020659669923,8.947736352534081,510.217614446447,1,0.12310103491394832,0
Unknown_Spoofing,AA:BB:CC,7.65613213244527,9.66292010197439,595.7117044206412,2,0.08387329557744314,0
Unknown_Spoofing,00:25:96,5.819916931303643,13.193967737883206,420.9116413075038,1,0.13183005094393818,0
Unknown_Relay,BB:CC:DD,5.623194095124992,7.467704689103622,416.80507234234597,3,0.14059116712346476,0
Unknown_Relay,BB:CC:DD,3.802581090745027,8.63444882222422,270.31102720336264,2,0.06959801847017619,0
Unknown_Spoofing,00:25:96,8.905958644591548,10.633815305312954,769.3144084055743,1,0.06272248869370108,0
Unknown_Spoofing,AA:BB:CC,6.9741746383578125,11.175009667306224,415.21967132403637,1,0.11720595026617354,0
Unknown_MITM,CC:DD:EE,4.808323744346083,6.8805900814484575,415.0163590895995,1,0.13022736971474777,0
Unknown_Cloning,00:25:96,6.793767338796808,9.40053666324352,402.9424995619366,0,0.11669657034871818,0
Unknown_Spoofing,00:25:96,8.520618931641035,9.364977162647138,525.3909439385802,2,0.11383500651307307,0
Unknown_Relay,BB:CC:DD,5.799578751147055,9.461817368464551,440.54776996265457,3,0.09713217941050684,0
Unknown_Relay,BB:CC:DD,3.3252011181498684,11.131531155303435,434.9480087083708,3,0.05952489339728695,0
Unknown_Relay,BB:CC:DD,4.4621244237637345,9.3756408688057,483.85606819737836,3,0.117264434352679,0
Unknown_MITM,CC:DD:EE,4.201291731738656,6.5032598081441915,356.2040373980367,1,0.07028731759142345,0
Unknown_Relay,BB:CC:DD,5.169990911981889,5.952393641021501,450.82367023858427,2,0.12299235192858211,0
Unknown_Spoofing,AA:BB:CC,5.246698334483829,11.150449192910308,481.88778157999957,2,0.05559263501282257,0
Unknown_Relay,BB:CC:DD,3.907869548786265,8.219871687746705,283.80184558296787,1,0.13364397373761233,0
Unknown_Relay,BB:CC:DD,5.656678330756894,5.070072873913955,464.72275593313657,1,0.08316578441770175,0
Unknown_MITM,CC:DD:EE,6.373985663287406,7.680942207521716,334.89951813997834,2,0.08895160259454087,0
Unknown_Relay,BB:CC:DD,5.408092216008065,10.516246047025154,289.1642341535288,2,0.07568300377251852,0
Unknown_Cloning,00:25:96,4.954237315003795,8.592090355321506,699.9472355702401,0,0.1191927363266592,0
Unknown_Relay,BB:CC:DD,3.423731094079672,11.444396956975432,228.08986800008876,3,0.057252231695448144,0
Unknown_Cloning,00:25:96,6.31136859970564,14.360320420367229,577.5892748827815,0,0.126727917751563,0
Unknown_Relay,BB:CC:DD,3.775671790920738,7.360487432844,320.6781241050626,2,0.13887524837502724,0
Unknown_Spoofing,AA:BB:CC,5.974113355598146,14.521614748313134,441.93429888239655,1,0.0653412882389088,0
Unknown_MITM,CC:DD:EE,6.262968104283606,6.1224846930152435,534.1718177462819,1,0.12072283283354232,0
Unknown_Cloning,00:25:96,6.1502485886720955,7.846440198852114,569.8723089825654,1,0.1455903172388182,0
Unknown_Relay,BB:CC:DD,5.342046224063587,7.731669847087965,373.56917968380634,1,0.1054099280395826,0
Unknown_MITM,CC:DD:EE,5.535089831909637,13.776634683796457,347.74772519814894,2,0.11507243843338003,0
Unknown_MITM,CC:DD:EE,5.562774148403795,11.3266466212149,364.65385726433067,2,0.10441260019631009,0
Unknown_Relay,BB:CC:DD,4.500871556034539,7.906089732401172,250.76091550317554,1,0.12974205539416644,0
Unknown_Cloning,20:AB,4.8876109719706635,10.71047859739501,410.89208983263126,1,0.08277472258961281,0
Unknown_Relay,BB:CC:DD,4.200989605232275,8.849138448093473,385.8747778481261,1,0.11731113481245287,0
Unknown_Relay,BB:CC:DD,3.64638872182719,5.843372757069275,455.4611515693777,3,0.06905760465171938,0
Unknown_Relay,BB:CC:DD,5.527614688195911,8.506136241227194,494.42642747660756,3,0.08409478016426097,0
Unknown_Cloning,00:25:96,8.73395957853668,12.366919096015248,582.5483253074373,0,0.10494118320609645,0
Unknown_Relay,BB:CC:DD,5.88483827529985,10.425572602373833,386.5810201270128,1,0.13436805296649776,0
Unknown_Cloning,00:25:96,8.220905312280129,11.50124338322194,616.7656289179288,0,0.08839470089041553,0
Unknown_Relay,BB:CC:DD,4.706438209301618,11.074062069635646,329.6348710405788,1,0.05851436365560822,0
Unknown_Spoofing,AA:BB:CC,7.978387903852304,14.751025256975865,687.1482322207714,1,0.13680981598670627,0
Unknown_Spoofing,00:25:96,6.400746097327844,8.582803606354425,689.8231636635273,1,0.0517713850609389,0
Unknown_Cloning,20:AB,4.597650428739938,12.04950462448057,407.2657710598943,1,0.09431273453229144,0
Unknown_MITM,CC:DD:EE,4.05405456922473,8.902926535960827,480.32735021889084,1,0.08617683119225658,0
Unknown_MITM,CC:DD:EE,5.935399880132893,11.827379898395506,394.93637296003726,1,0.14334131270234546,0
Unknown_Spoofing,00:25:96,7.3087467048932355,12.534040380944283,411.71977724136735,2,0.10095088732242019,0
Unknown_Spoofing,AA:BB:CC,6.437695307323269,8.570317283990594,477.3356934448209,0,0.08154163912586834,0
Unknown_MITM,CC:DD:EE,5.866732623323457,6.421678318827512,311.2698688631942,1,0.08863681371368069,0
Unknown_Cloning,00:25:96,6.396800321296308,7.755179807230873,393.99706727924047,0,0.06899347436610201,0
Unknown_Cloning,00:25:96,5.788259379503734,8.979703849865171,575.833175593666,0,0.11354279207029719,0
Unknown_MITM,CC:DD:EE,5.6708342678919035,6.584680728209202,382.09991547643733,1,0.11978643953521442,0
Unknown_Relay,BB:CC:DD,5.129211254403061,5.051504807377902,355.4617196547563,3,0.10692302120914479,0
Unknown_Relay,BB:CC:DD,4.340351029524634,8.132501734672998,486.5068758835006,2,0.1445017094248494,0
Unknown_MITM,CC:DD:EE,4.836232515123465,12.787857679469917,571.8057213133089,2,0.09698043214486815,0
Unknown_Spoofing,AA:BB:CC,7.328579211258968,10.49739343244476,465.7081797823712,2,0.05601085560783958,0
Unknown_Relay,BB:CC:DD,4.992036684202807,7.368575061476511,480.65690682765717,2,0.07093483993840988,0
Unknown_Spoofing,00:25:96,7.9652348334030485,13.793271829444073,787.1458263805421,2,0.06062457084695605,0
Unknown_Spoofing,AA:BB:CC,7.760684282417328,12.51917110924866,756.8235440838776,2,0.11285039000835678,0
Unknown_MITM,CC:DD:EE,7.967327169854521,8.128863649354393,549.9574979356362,2,0.058814224339079214,0
Unknown_Spoofing,AA:BB:CC,8.000643331818404,12.853805974003308,796.2570948688716,1,0.09981892991739791,0
Unknown_Cloning,20:AB,6.482714013266286,13.855601038955104,589.4731763159702,0,0.1296285682942801,0
Unknown_Relay,BB:CC:DD,5.620083353524314,5.418335919248691,466.57978413114574,2,0.09137328975803298,0
Unknown_Spoofing,00:25:96,7.9924226715499564,9.45794372607482,482.08803491762876,2,0.08960544774354667,0
Unknown_Spoofing,00:25:96,6.699176725325647,10.698867510441685,766.1664805866814,1,0.12973368056499626,0
Unknown_Relay,BB:CC:DD,5.965111700164713,8.256942718931462,217.47134924608258,2,0.10867481189673428,0
Unknown_Spoofing,AA:BB:CC,7.9205207511057,10.710722337424325,713.76226624336,1,0.10908045335179159,0
Unknown_Relay,BB:CC:DD,5.204285434066033,6.765007690872605,347.2430903804128,1,0.12746526197930175,0
Unknown_MITM,CC:DD:EE,6.663431064865109,9.029393679782268,586.3268340963222,1,0.10295336150224574,0
Unknown_Relay,BB:CC:DD,5.140956223481228,6.766812004595058,397.04456932653466,2,0.10952768411040545,0
Unknown_Relay,BB:CC:DD,5.998403682607741,9.35663152031222,329.29636179715715,3,0.10516879678064617,0
Unknown_Relay,BB:CC:DD,3.1487805246602583,5.6627669335335655,209.8570093221189,3,0.1406653296951999,0
Unknown_MITM,CC:DD:EE,4.249919045431284,11.769795739991332,369.11852145436933,2,0.08472884743056977,0
Unknown_Cloning,20:AB,7.587410192745691,14.590323981535345,443.8165155825232,1,0.12023249794197068,0
Unknown_Spoofing,AA:BB:CC,6.4264356514975445,9.829781215922765,778.6394291113354,2,0.11579499112045923,0
Unknown_Relay,BB:CC:DD,4.34725017802834,10.575162386764665,364.1188972755326,3,0.14246586095822467,0
Unknown_Spoofing,00:25:96,5.46825765192745,11.69724404996112,450.7491312252373,2,0.11298724001831789,0
Unknown_Spoofing,00:25:96,6.623248368801086,14.793069842188682,444.95437291661034,1,0.09924017592043358,0
Unknown_MITM,CC:DD:EE,5.697488104214539,11.717568712052977,481.1378271858354,2,0.12059852660508184,0
Unknown_MITM,CC:DD:EE,4.87079919542893,13.728171673041668,339.19031446720794,2,0.09113302903312367,0
Unknown_MITM,CC:DD:EE,4.887117967734186,12.243769107041238,360.35256968666386,1,0.14833872204605725,0
Unknown_Cloning,00:25:96,4.661845902960358,12.267196763016335,450.3684071452593,1,0.1415138820404896,0
Unknown_MITM,CC:DD:EE,5.395481666421162,13.385349694033435,361.9929554675116,1,0.13455108108405606,0
Unknown_MITM,CC:DD:EE,4.3635061534785935,12.837400331074107,489.1668092727586,1,0.12271628097401384,0
Unknown_MITM,CC:DD:EE,6.148333822360414,11.897753788570437,488.19424110307875,1,0.12925397676213368,0
Unknown_Cloning,00:25:96,4.799969234204878,14.988486452685029,358.6860240058022,0,0.05800182697576794,0
Unknown_Cloning,00:25:96,8.362662330238463,8.860830897190048,390.42705315476314,1,0.0509098181280776,0
Unknown_MITM,CC:DD:EE,7.70115277917262,12.943733136017048,449.90496908487125,1,0.09599419512939628,0
Unknown_MITM,CC:DD:EE,6.493646925345058,13.764437365827966,467.68597208111305,1,0.07685989329145974,0
Unknown_MITM,CC:DD:EE,7.917053165618065,11.570899460264243,501.59284137811534,2,0.06444364841550776,0
Unknown_Cloning,00:25:96,6.003470934389535,11.174647002441514,554.9790174000798,1,0.07587050703242867,0
Unknown_Spoofing,AA:BB:CC,6.140846978613329,11.877789649147925,400.64047501961153,0,0.13814103323232502,0
Unknown_Spoofing,AA:BB:CC,7.431451296323922,10.823550135184473,670.5888573969644,1,0.11970130139342629,0
Unknown_Spoofing,AA:BB:CC,6.545850257311741,10.941747212652793,624.8443530492918,0,0.05785098684536099,0
Unknown_Cloning,00:25:96,4.850455450910808,12.654428769684042,672.0133574381684,1,0.0876229378361191,0
Unknown_Cloning,20:AB,6.763696864006596,12.296894606465433,669.4097709569867,1,0.05866197608546941,0
Unknown_Relay,BB:CC:DD,4.312938907972806,7.37784832935711,415.70583294886734,1,0.06910621393463581,0
Unknown_MITM,CC:DD:EE,5.42499957841512,7.417720455030336,508.5359447837302,1,0.13543995133256803,0
Unknown_Relay,BB:CC:DD,4.170977337784664,11.36343780027712,208.73713549673158,1,0.14019095717488889,0
Unknown_Cloning,00:25:96,6.97810721161791,14.555709503056303,424.29713034993006,0,0.10232862493002498,0
Unknown_Relay,BB:CC:DD,3.7751779436111104,10.730152612611755,469.88017842897074,3,0.06953589608486084,0
Unknown_MITM,CC:DD:EE,7.056382346315518,7.982499543255255,310.9022244948727,2,0.10304242203272426,0
Unknown_Spoofing,AA:BB:CC,7.360683094598976,10.95891798669021,480.3508720560913,1,0.09063664052774614,0
Unknown_Relay,BB:CC:DD,5.338449050653585,10.370195029143426,491.8066229783256,2,0.1307831451826622,0
Unknown_MITM,CC:DD:EE,5.382627742167437,11.946355801792613,431.43349530998853,2,0.06383975859681246,0
Unknown_Spoofing,00:25:96,7.098689226742489,12.475623603799429,535.199512411396,2,0.1087369868575577,0
Unknown_Spoofing,AA:BB:CC,6.799215962817715,13.29449238320544,717.653824692909,2,0.1197447828164306,0
Unknown_Cloning,00:25:96,6.738881922123538,9.104640239393525,603.5352245993156,1,0.11857127688246809,0
Unknown_Relay,BB:CC:DD,4.29282400955498,6.386021212152874,331.40653890509884,1,0.06783315124282163,0
Unknown_Cloning,20:AB,6.380858286062492,9.009536036835737,462.19865510577466,1,0.12294154487265405,0
Unknown_Spoofing,AA:BB:CC,6.436003072317055,13.658504757486517,555.2233897043827,0,0.1393509971393318,0
Unknown_Cloning,20:AB,5.994003159529557,12.95553734270043,403.1930638659179,1,0.07791441332223045,0
Unknown_Cloning,20:AB,8.429898929659778,7.333152178719843,640.7225176401312,0,0.135874496852958,0
Unknown_Cloning,00:25:96,5.639405235164896,11.442366602625452,534.6528678488726,1,0.13757625388591554,0
Unknown_MITM,CC:DD:EE,7.457611948777591,8.474948496640103,508.23949619287106,2,0.09008821351279103,0
Unknown_Relay,BB:CC:DD,4.055129453876425,8.8043910000811,221.82087853315895,3,0.13030371607674718,0
Unknown_Cloning,00:25:96,5.775966049093414,9.271025452725706,518.8019633986735,1,0.11618603122150055,0
Unknown_Cloning,00:25:96,8.139863425651043,9.357610959084223,549.924521213031,0,0.05039141057353907,0
Unknown_MITM,CC:DD:EE,5.2110704304697,9.674768081382581,545.3890483047461,1,0.07671652625879899,0
Unknown_MITM,CC:DD:EE,6.645864821294607,13.226188977911313,329.56405542388273,1,0.09386677720315754,0
Unknown_Relay,BB:CC:DD,5.471233385736899,10.999203198314046,324.5321530564798,3,0.12053563701941182,0
Unknown_MITM,CC:DD:EE,4.922938360828216,8.329571639972993,531.6802670512518,1,0.13888550983934195,0
Unknown_Relay,BB:CC:DD,4.283007257472507,9.172447517704166,226.8956693707037,2,0.05172880447633632,0
Unknown_Spoofing,00:25:96,8.431056583144118,11.318714530895868,401.64248115897936,2,0.14334551052498523,0
Unknown_Cloning,20:AB,5.224429942593186,11.505315107631638,680.3209421206857,1,0.1388533288524485,0
Unknown_Cloning,20:AB,5.142806584163656,13.114012784555165,626.4910750058705,0,0.136184382329483,0
Unknown_Spoofing,AA:BB:CC,8.978257026738099,12.754201896765949,429.6299628841791,2,0.14997515634290443,0
Unknown_Spoofing,00:25:96,5.456735120948529,11.628231057004282,634.9391164972112,2,0.14628916341780374,0
Unknown_MITM,CC:DD:EE,7.347453688906369,10.578521485040612,599.7621896830323,2,0.056318827927451624,0
Unknown_Spoofing,00:25:96,7.407305394532191,8.451505310805933,789.0089982534648,1,0.14057567906364477,0
Unknown_Relay,BB:CC:DD,4.560346243507183,9.275122457512339,279.28992583212647,1,0.13700249255201657,0
Unknown_Relay,BB:CC:DD,3.1495937294825365,9.22382948554172,442.0334427518942,2,0.1236794568710197,0
Unknown_Spoofing,00:25:96,8.95711978042554,8.383214875817165,542.0061064544986,2,0.10523214973742778,0
Unknown_MITM,CC:DD:EE,5.263743289542547,11.833921992780544,562.4241220466924,1,0.14412146941206855,0
Unknown_Relay,BB:CC:DD,5.551740591919798,8.853817104339969,447.76646792804434,2,0.06249565660840181,0
Unknown_Spoofing,00:25:96,7.75343049965463,9.818560913198123,501.86467457297874,2,0.08128446280056681,0
Unknown_MITM,CC:DD:EE,4.592239037955318,6.789481822079365,473.94160355003885,2,0.07193893891962463,0
Unknown_MITM,CC:DD:EE,6.1416533420458705,12.3071962475593,545.4312504965245,1,0.09263182939907014,0
Unknown_Spoofing,00:25:96,6.265875136245994,13.417965611058063,420.8289624885079,0,0.11665258317853837,0
Unknown_Cloning,00:25:96,6.789077778078355,7.4377133986691195,537.4147011069683,1,0.13595029756248977,0
Unknown_Spoofing,AA:BB:CC,6.928900921349307,11.6422653833397,790.0978141135835,1,0.12477005140130895,0
Unknown_Relay,BB:CC:DD,5.4333136989159545,6.380698663169118,264.0612433651854,1,0.09050010985875484,0
Unknown_Cloning,20:AB,4.90054380703204,11.092205126475944,671.4825356550924,1,0.08633225720862239,0
Unknown_MITM,CC:DD:EE,5.466550800385826,10.95297120037357,347.81846543142063,2,0.10856041678395072,0
Unknown_Relay,BB:CC:DD,3.5008505371034078,5.848088228826898,225.62254484247958,1,0.0830991947603403,0
Unknown_MITM,CC:DD:EE,5.665139714177419,9.590810925216024,479.7033132640703,2,0.1355078385969688,0
Unknown_MITM,CC:DD:EE,7.725961547675704,13.267280858148556,534.3871942217077,1,0.06072468334958461,0
Unknown_Spoofing,00:25:96,7.9419135533329905,14.944523352139495,651.6587335881277,2,0.05719067173164456,0
Unknown_Relay,BB:CC:DD,5.618490702459961,10.701956484794518,270.17684623381547,3,0.12151367768111755,0
Unknown_Spoofing,AA:BB:CC,6.225595193447831,9.066031729473586,505.59020788393195,0,0.05829145813944812,0
Unknown_Spoofing,AA:BB:CC,6.360891977805029,13.991476327139084,573.8712593265881,1,0.06806366979413153,0
Unknown_Relay,BB:CC:DD,5.306292542163481,6.859113188151519,430.1700182477669,1,0.057512291015450925,0
Unknown_Cloning,00:25:96,8.345047874334316,7.0390757281620155,677.8314566046383,1,0.08582190412430728,0
Unknown_Cloning,00:25:96,6.794932856910737,10.684660405557333,665.2660568577563,1,0.13348994283643914,0
Unknown_Relay,BB:CC:DD,4.475213829056968,11.273653744022932,442.0123423235184,2,0.13015394607190756,0
Unknown_Relay,BB:CC:DD,4.265322725808378,6.6080139857826214,259.8714847687816,3,0.1262847902346479,0
Unknown_Cloning,00:25:96,6.103176519568316,9.192665565127966,630.4074235113055,0,0.09830662451933025,0
Unknown_Spoofing,AA:BB:CC,8.911414774007127,9.40395261711649,486.14371314184336,2,0.08795993564483323,0
Unknown_Cloning,20:AB,7.525470644971385,11.24960837455677,384.605669931928,1,0.14344107945712148,0
Unknown_Cloning,00:25:96,5.446242800558376,11.527108840814073,565.4434181176127,0,0.1156179036222687,0
Unknown_Cloning,20:AB,5.7680624137916965,12.77586517561316,651.6563021555328,1,0.05935201235979096,0
Unknown_Cloning,20:AB,5.079394968156249,14.580989268165336,516.3098031079198,1,0.1069334631907225,0
Unknown_Relay,BB:CC:DD,4.493845777746792,7.170238168087151,443.5903227172405,1,0.10376835217551005,0
Unknown_Cloning,20:AB,4.825752292189397,9.322945699888164,658.7822783572678,1,0.07286707513846033,0
Unknown_MITM,CC:DD:EE,7.893466264609149,12.324540421529242,372.8836085061132,1,0.09467721588396069,0
Unknown_MITM,CC:DD:EE,5.872567767482943,13.10033526181131,492.37971277706094,1,0.11773006863356594,0
Unknown_MITM,CC:DD:EE,5.5003976212734,10.07153424807429,395.71317896184223,2,0.1453703626491708,0
Unknown_MITM,CC:DD:EE,7.482685872857283,9.374638684181228,507.3905308005687,2,0.08621816027941516,0
Unknown_Relay,BB:CC:DD,4.242981042060623,5.786702345255825,222.68910915036483,2,0.11426279352109316,0
Unknown_Spoofing,AA:BB:CC,6.170060081364124,9.172293433850298,551.6023332712798,1,0.06324689540178548,0
Unknown_MITM,CC:DD:EE,4.776515081783889,10.292860074110195,580.4466121331404,2,0.08257022115777023,0
Unknown_Spoofing,00:25:96,8.509629381580588,8.281969147137863,721.9331269185889,1,0.053106813024445636,0
Unknown_Cloning,00:25:96,5.58320663548578,8.91959122978905,379.18266881906584,1,0.13962815521637878,0
Unknown_MITM,CC:DD:EE,6.668147428501415,13.29261509810442,403.68605067023685,1,0.07363427433282096,0
Unknown_Spoofing,00:25:96,6.5679921755565935,10.58092046802773,676.0103295762619,0,0.08461085001644077,0
Unknown_MITM,CC:DD:EE,4.000964018740538,7.929954688304223,362.4695425824643,1,0.05154982418261903,0
Unknown_Spoofing,00:25:96,7.426646119103471,12.963890340401562,408.423113422528,0,0.1402542114842953,0
Unknown_MITM,CC:DD:EE,5.425618943398659,11.981214596519823,465.2071634084384,1,0.08097332489460121,0
Unknown_MITM,CC:DD:EE,7.170649907006468,10.830424630750027,448.0024764157141,1,0.1232700183870807,0
Unknown_Cloning,00:25:96,4.513102730252049,7.075358847779563,633.0775406174429,1,0.10857782709310476,0
Unknown_Spoofing,00:25:96,6.782919283611477,13.8528303088153,505.9868246221772,0,0.13629640464754755,0
Unknown_Spoofing,AA:BB:CC,7.363263499582031,11.540409837084477,407.1952526289551,1,0.14326481005424785,0
Unknown_Spoofing,00:25:96,7.918085687905753,8.142387573175244,482.0748571619228,0,0.09475699505079721,0
Unknown_Spoofing,00:25:96,6.210716841515019,11.274240727622646,509.1175570799383,1,0.06197467885005319,0
Unknown_Spoofing,AA:BB:CC,5.98786164986825,14.297287425606205,764.3296881321585,2,0.102023048910309,0
Unknown_Cloning,20:AB,8.003321460277485,8.048116949203724,560.335018249124,0,0.08880987353441572,0
Unknown_Relay,BB:CC:DD,3.4645280448606823,6.280460481734593,309.51427000778045,3,0.11231724245321872,0
Unknown_MITM,CC:DD:EE,4.88580356549298,12.444866310514517,317.48259046817236,1,0.11374046122611835,0
Unknown_Spoofing,AA:BB:CC,7.95318204191323,10.34926470968631,706.0426366532524,2,0.09600641167475618,0
Unknown_Relay,BB:CC:DD,4.944306381783214,5.128508687994568,396.1982664260745,3,0.07830006354290778,0
Unknown_Relay,BB:CC:DD,3.257382854698468,5.636548149391288,476.9671240955686,1,0.06271026137707404,0
Unknown_Cloning,20:AB,7.166173472557183,13.68457364072519,365.281325049553,1,0.07754299036394728,0
Unknown_Relay,BB:CC:DD,3.0274966505514493,6.409793719557212,487.7072527918898,2,0.06912105177467417,0
Unknown_MITM,CC:DD:EE,4.26796437758339,6.225530723577777,373.42352389107816,2,0.14694414691322566,0
Unknown_Cloning,20:AB,5.454201822223385,7.8407804017091065,590.9404517482749,0,0.10171179308569195,0
Unknown_Cloning,20:AB,8.119684863619653,7.52663874690523,592.4004800271537,1,0.06132697530646858,0
Unknown_Spoofing,00:25:96,6.967471287668827,13.489958704681984,633.5706156790965,1,0.09819949177328671,0
Unknown_Cloning,20:AB,5.751646382020098,9.59605319335158,680.7928570607105,0,0.14115912278061266,0
Unknown_Cloning,20:AB,6.872162824346312,13.111705570604943,351.7775845415045,0,0.13668552130270661,0
Unknown_Spoofing,00:25:96,7.676214061267792,8.883984308091982,778.3105988985388,0,0.09716631827851602,0
Unknown_MITM,CC:DD:EE,5.059265287113275,13.468745149610012,515.9878618108439,2,0.13912007974018092,0
Unknown_Relay,BB:CC:DD,4.329119929905483,9.324692362125004,430.9920854619803,1,0.07392588627514639,0
Unknown_Spoofing,AA:BB:CC,8.281876065443413,12.090238122338963,603.410972709429,1,0.09618064815620186,0
Unknown_Cloning,00:25:96,7.114358639842166,12.839112941628782,493.82651673696535,1,0.09995664633759327,0
Unknown_MITM,CC:DD:EE,6.844487268061144,6.415728785049442,557.9243417055201,2,0.1256233589816213,0
Unknown_Relay,BB:CC:DD,3.7252935224390447,8.381098789907654,466.04946184068774,3,0.13077392932007142,0
Unknown_Relay,BB:CC:DD,3.290456192961656,8.332396915057434,497.5058421178207,2,0.0710528488440613,0
Unknown_Relay,BB:CC:DD,3.974116002774792,11.870133168003905,240.42417953927222,3,0.12712248152904038,0
Unknown_Relay,BB:CC:DD,4.433998635162935,8.299565390854905,252.73514474911454,1,0.10019355807808605,0
Unknown_Relay,BB:CC:DD,5.743578461406168,5.791370774841571,427.2275310119974,1,0.06764119104278862,0
Unknown_MITM,CC:DD:EE,7.546461955957422,8.104289420311442,367.3678407806689,1,0.14324439783773507,0
Unknown_Relay,BB:CC:DD,5.2029299669493225,9.451577037190035,462.49630641579546,2,0.06126092293492207,0
Unknown_Spoofing,00:25:96,5.734318509420584,9.769361019658149,562.6546107539882,2,0.09203333094318425,0
Unknown_MITM,CC:DD:EE,5.82526728220385,7.366146080026695,380.1629686458222,2,0.13542580615539396,0
Unknown_Spoofing,AA:BB:CC,5.4140517880245245,8.751900278053553,440.46552460701645,2,0.14122545611011555,0
Unknown_Spoofing,00:25:96,5.978862388094804,8.920957146475482,520.9106801985794,1,0.07551822287742307,0
Unknown_Spoofing,00:25:96,7.1855618688469445,11.986335602641075,537.2695428829134,2,0.05093102907623537,0
Unknown_Spoofing,00:25:96,5.18427667870187,11.807145448127823,535.4216109748205,0,0.1113170360743117,0
Unknown_MITM,CC:DD:EE,4.658312578854011,12.029444124343923,590.433670921835,2,0.1405582137573132,0
Unknown_MITM,CC:DD:EE,6.399543152211098,11.563285367757794,547.6374977388856,2,0.11685466951139853,0
Unknown_MITM,CC:DD:EE,6.141483490553577,7.352998901153424,396.7349429131949,1,0.14143404426664835,0
Unknown_Relay,BB:CC:DD,5.788222698210621,9.398959802423711,318.48355580643863,1,0.05505074708322821,0
Unknown_MITM,CC:DD:EE,7.932079992305434,13.399815585880278,535.7007449633458,1,0.06904134960249102,0
Unknown_Relay,BB:CC:DD,4.226379051813518,7.287411687085316,423.4596075398839,1,0.06914896149081194,0
Unknown_Relay,BB:CC:DD,4.343861091543557,8.119471605755134,468.69324591915046,2,0.14639160120731884,0
Unknown_Relay,BB:CC:DD,3.4423578014247034,5.208153829062218,221.5195213444725,1,0.0801456186410668,0
Unknown_Cloning,00:25:96,7.91273147215463,11.84811065548865,549.6093777392764,1,0.060456286475434155,0
Unknown_Cloning,00:25:96,6.873731750512177,13.59869727516592,649.8143176787241,1,0.07835071902709394,0
Unknown_MITM,CC:DD:EE,6.219303186013224,8.72816137804827,588.5594623043996,2,0.060613001930901945,0
Unknown_Spoofing,00:25:96,5.642853396763943,14.84785824470632,463.40809361096376,2,0.08641210568415054,0
Unknown_Relay,BB:CC:DD,5.4048584579461005,9.41292332866948,287.87756102093687,1,0.13877515246716882,0
Unknown_Cloning,20:AB,8.611773723029067,13.663953108424003,454.1497507542854,1,0.09023935648144302,0
Unknown_Spoofing,AA:BB:CC,6.76739613791093,13.394843795321638,505.6051384287572,1,0.11685049011509828,0
Unknown_Cloning,20:AB,7.230719536148623,7.959374871417041,462.2565823206356,0,0.07459997403067951,0
Unknown_Spoofing,AA:BB:CC,6.929424834331012,12.920065108350709,427.2040927809682,2,0.12428312764656903,0
Unknown_Spoofing,AA:BB:CC,5.945346361075005,8.68499901901515,630.4637319303865,0,0.0688385009334873,0
Unknown_MITM,CC:DD:EE,6.073971899768962,8.818471073673425,370.2173325052497,1,0.14219874759651724,0
Unknown_Cloning,00:25:96,8.822558413455457,8.141234811785296,528.1786399982649,1,0.11938633423283945,0
Unknown_MITM,CC:DD:EE,5.6993141327076025,7.025480882392783,336.8765639996918,2,0.09707849970127072,0
Unknown_MITM,CC:DD:EE,7.109330056328773,10.453456421454028,493.7277876783918,1,0.09962951255006397,0
Unknown_Cloning,00:25:96,5.257982480093618,13.083716850208534,694.7251879545221,0,0.12167185857676419,0
Unknown_MITM,CC:DD:EE,7.501452959603043,11.635949091293478,436.1539691420735,2,0.08900860387802137,0
Unknown_Relay,BB:CC:DD,4.44040481891512,7.612451583735888,347.97424790779576,1,0.10146695240518275,0
Unknown_Cloning,20:AB,7.62332550088943,11.153304316596323,454.32015012818334,1,0.11041739381725918,0
Unknown_Spoofing,00:25:96,5.314790700781597,11.691176269496754,561.114213618598,2,0.11834344870539171,0
Unknown_MITM,CC:DD:EE,5.723932251389034,7.398293720361264,596.130025777235,1,0.1079766457434273,0
Unknown_Relay,BB:CC:DD,3.9762548420478234,5.663172403455409,492.76125883506097,1,0.08486024694428457,0
Unknown_MITM,CC:DD:EE,6.5994556868103,6.19757838148889,543.077739155186,1,0.1059993671463558,0
Unknown_Spoofing,00:25:96,8.250450556352687,8.900057049581683,407.35239591009685,2,0.07499017216368899,0
Unknown_Relay,BB:CC:DD,4.877951741753861,6.053812116435573,340.71201399978884,2,0.08636114491900639,0
Unknown_Cloning,00:25:96,7.5132506544188296,14.765344222350965,411.50033604288905,0,0.058952019679684234,0
Unknown_Cloning,00:25:96,6.101069075194468,11.129078437395982,456.69335923969345,1,0.1043405852198264,0
Unknown_Cloning,00:25:96,5.318138095501274,7.687283105622564,599.9416993237205,1,0.09438559911405695,0
Unknown_Cloning,20:AB,7.439115299813349,8.187865464042275,544.0052470467833,0,0.06006199772225901,0
Unknown_MITM,CC:DD:EE,4.220438559762667,13.102983454810643,510.89751784404586,1,0.09601026265576879,0
Unknown_Spoofing,AA:BB:CC,5.841488326119343,8.161329618846253,758.6986199630978,0,0.13608108626867374,0
Unknown_Spoofing,00:25:96,5.1406985261263864,14.3827511554572,710.1327719543665,0,0.06342024263263503,0
Unknown_MITM,CC:DD:EE,7.8225578468936865,12.17671619105028,552.7114001454966,1,0.07560211730615131,0
Unknown_Spoofing,00:25:96,5.465094721171523,11.754872681560213,574.8592420180139,2,0.11769767523110285,0
Unknown_MITM,CC:DD:EE,7.48533436936113,13.991237598104615,482.32883062302733,1,0.1460714751669817,0
Unknown_Relay,BB:CC:DD,3.7712882681853355,8.35618484704836,310.18331038421275,1,0.05401246202610095,0
Unknown_Cloning,20:AB,7.008431756689439,13.947809209622157,642.0501919670098,0,0.11141688503188926,0
Unknown_Spoofing,00:25:96,8.271616707329757,8.268547029489907,748.3188689352453,0,0.10825689092148111,0
Unknown_Spoofing,00:25:96,8.415463974100813,8.981158033679112,617.6732595907207,0,0.09467395253113928,0
Unknown_Relay,BB:CC:DD,3.162635232617979,10.07834623810841,224.31786916328093,1,0.09036466944934778,0
Unknown_Spoofing,AA:BB:CC,6.6835861150369045,14.729923044926014,639.7110071294367,2,0.06093559031094789,0
Unknown_Relay,BB:CC:DD,5.080145701844566,6.191814064878052,281.51225565622786,1,0.05725747980447108,0
Unknown_Spoofing,00:25:96,5.851400344153429,12.681272781148696,617.1512529443221,1,0.1471516356804139,0
Unknown_Spoofing,00:25:96,8.169563101435255,9.576679316346723,672.5840461701088,2,0.08269421002546949,0
Unknown_Relay,BB:CC:DD,4.684433831210031,6.301535486120692,267.3107527095458,1,0.052256858320237715,0
Unknown_MITM,CC:DD:EE,7.0785686555346174,9.90647714260676,401.31574336866515,2,0.07392110880342187,0
Unknown_Relay,BB:CC:DD,5.3517857653584,7.272261586678613,416.3477804641632,2,0.10603486743503235,0
Unknown_Cloning,20:AB,6.096805755437962,11.901474757396858,554.8813979768347,1,0.13459652560985333,0
Unknown_Relay,BB:CC:DD,3.778347513204229,5.592541275092403,235.78150161192303,3,0.0648633215577885,0
Unknown_Spoofing,AA:BB:CC,6.969430378117959,8.256407883191736,478.2984118192661,1,0.13307673885947607,0
Unknown_Spoofing,00:25:96,8.499588938391705,13.402480573478435,567.1629935181638,0,0.06668297049502628,0
Unknown_Relay,BB:CC:DD,4.3769091541960465,6.668990252674385,482.54495001504677,3,0.06052651624804253,0
Unknown_Relay,BB:CC:DD,4.226781707270016,9.633788876154439,339.4564342439812,3,0.07552324343442834,0
Unknown_Spoofing,00:25:96,7.170301810142321,9.631312397868108,629.4511431771631,1,0.1163791623941444,0
Unknown_Cloning,00:25:96,7.742773307986718,11.002441250836117,662.9348376371557,1,0.13322391067084416,0
Unknown_Spoofing,AA:BB:CC,7.932612092426341,8.658418741600121,780.5585489937662,1,0.120671857704456,0
Unknown_Cloning,20:AB,6.354434559186515,8.79022709016781,676.3876300307784,0,0.1416643102693916,0
Unknown_Cloning,00:25:96,7.523006716146897,10.154729170805314,350.4495489343805,0,0.12056593338739464,0
Unknown_Cloning,00:25:96,6.223218220312277,8.776657505671919,638.6192234803125,0,0.05741761955943123,0
Unknown_Relay,BB:CC:DD,5.831987720131834,5.334871687549271,455.05158356151424,1,0.06175572491209366,0
Unknown_MITM,CC:DD:EE,7.241746342462501,8.994447947250597,369.39425467868807,2,0.07810738854451131,0
Unknown_Cloning,00:25:96,5.295070413793374,11.641828257593133,666.4122452590957,1,0.13406326448191253,0
Unknown_MITM,CC:DD:EE,4.7516143551936665,10.998363189749803,400.93510554525307,1,0.11025113635747286,0
Unknown_Spoofing,00:25:96,8.552836772856596,13.884225359412344,589.1517288842181,0,0.08205361668064956,0
Unknown_Spoofing,00:25:96,8.884879647541977,11.066235596883528,744.4133599888962,0,0.05922690045627628,0
Unknown_MITM,CC:DD:EE,6.762490968325366,10.107475977006562,495.181956975631,2,0.06455675098332357,0
Unknown_Relay,BB:CC:DD,5.703532869652067,10.254683099971583,346.58147776339547,1,0.10273196795998596,0
Unknown_Relay,BB:CC:DD,5.9507918992163225,9.671458141352772,213.15405574898898,2,0.06045278878756943,0
Unknown_Spoofing,00:25:96,7.228027225252514,14.257808678971005,789.7397826096123,0,0.0938298608033166,0
Unknown_Cloning,00:25:96,5.241229861243414,12.513146855842702,530.0998906937302,1,0.09835220673649714,0
Unknown_Cloning,20:AB,8.00552427265817,7.160421678272068,661.6643508943614,0,0.13123173327141188,0
Unknown_MITM,CC:DD:EE,7.231752120057134,7.518821282167753,333.05163607608995,1,0.0976991915378175,0
Unknown_MITM,CC:DD:EE,7.399749965618895,11.809515870896842,552.5476093095788,1,0.10003583603843902,0
Unknown_Spoofing,AA:BB:CC,6.1097069392039165,12.499614351134579,677.1204794519635,0,0.08423340824609907,0
Unknown_Spoofing,AA:BB:CC,7.245423296757352,14.179855434746553,611.1248433182483,1,0.1434269791463877,0
Unknown_Spoofing,00:25:96,6.166352512644629,9.868295016691402,771.8022821472596,2,0.10298756255182061,0
Unknown_MITM,CC:DD:EE,6.222100272250879,11.916973477223959,449.7728722574324,2,0.12472246450885868,0
Unknown_Spoofing,AA:BB:CC,6.224956980913602,13.86488966633863,428.94290309653064,0,0.06415212024499602,0
Unknown_MITM,CC:DD:EE,6.371938991021976,13.487953432014223,503.43675046099395,1,0.13447917378659113,0
Unknown_Cloning,20:AB,5.690922772494426,12.690126597683625,384.99483661932186,1,0.11447199773818176,0
Unknown_Relay,BB:CC:DD,5.084482737984377,10.570507118235515,302.0648715366004,2,0.12620327210390508,0
Unknown_MITM,CC:DD:EE,4.063414181494268,6.7358760853663995,398.0067067595245,1,0.0737070391174178,0
Unknown_Relay,BB:CC:DD,4.745595799514124,5.387448524526667,243.37391307187542,2,0.14223077754835847,0
Unknown_Spoofing,00:25:96,8.942096533020873,11.878408684221476,772.333145670323,1,0.10670327835012275,0
Unknown_Relay,BB:CC:DD,3.4191617009368622,5.672880962125061,327.37178215578666,3,0.0962687831687827,0
Unknown_Cloning,20:AB,5.308403921388592,14.676753640221925,484.80691972038915,1,0.05875745629862383,0
Unknown_Relay,BB:CC:DD,4.691601095675299,8.61511039331975,418.09337585852927,2,0.06625156447571154,0
Unknown_Cloning,00:25:96,5.100609956769578,13.446861642672495,696.4078091992949,1,0.10994305420276217,0
Unknown_Spoofing,AA:BB:CC,7.966551274470484,10.118482384457701,664.9487439651014,0,0.09457787475594703,0
Unknown_Cloning,00:25:96,8.501934419677438,11.155181482267741,547.7613837415824,1,0.07620350045068745,0
Unknown_Spoofing,AA:BB:CC,8.56728084562645,9.375089206559501,645.5383780030897,0,0.08915370996016292,0
Unknown_Cloning,00:25:96,7.467404610824623,11.997605355252864,448.88930228185524,0,0.13404003314893403,0
Unknown_Spoofing,00:25:96,6.354999616858029,11.289849042604562,743.1668288974271,0,0.08244382286350663,0
Unknown_Relay,BB:CC:DD,3.689419024267995,10.246614906097465,389.1677703037215,2,0.13972984957497386,0
Unknown_Spoofing,AA:BB:CC,6.822006780876881,8.215772330895591,751.681735034153,2,0.14447500802102117,0
Unknown_Relay,BB:CC:DD,4.198795534862604,10.967012922983834,350.0893623181976,1,0.10814248948690872,0
Unknown_MITM,CC:DD:EE,5.054421759227526,13.637121285729851,481.0743741369188,1,0.12271311968819275,0
Unknown_MITM,CC:DD:EE,4.587576655651731,12.846583256991229,504.27516378517544,1,0.07634734456938483,0
Unknown_Cloning,00:25:96,5.053734556156462,14.890799383553297,460.3258580820501,1,0.08812299527748767,0
Unknown_MITM,CC:DD:EE,6.877839870679887,12.836549312261127,377.08568985254095,1,0.0739223213665858,0
Unknown_MITM,CC:DD:EE,4.226062763187029,6.827159493040332,429.4524359542927,2,0.08625097313221236,0
Unknown_MITM,CC:DD:EE,5.0139750130287615,13.524298408823581,571.7831903778794,1,0.11310341757120489,0
Unknown_Relay,BB:CC:DD,4.143440646104207,7.882965982011479,418.27379664048317,1,0.13547406185919786,0
Unknown_Cloning,00:25:96,5.328989546833617,10.494880292457012,487.3337353264525,1,0.0700469047766359,0
Unknown_Relay,BB:CC:DD,5.440847177942158,5.250363701104547,358.46798231814705,3,0.09556608215530919,0
Unknown_Spoofing,AA:BB:CC,7.767455632643378,10.681485588085547,747.6396274898914,1,0.07365679252111,0
Unknown_Spoofing,00:25:96,5.526975198527857,12.761664276906481,736.9827944473654,2,0.1366427402898756,0
Unknown_Relay,BB:CC:DD,3.3553851152834455,5.095478920851168,290.9658640155774,1,0.07500824689139418,0
Unknown_Cloning,20:AB,6.805351624119599,8.081929529972012,549.8470499640924,0,0.07313487132001505,0
Unknown_Spoofing,00:25:96,5.786754232924853,8.387326710143423,479.2522967294308,0,0.10748390378598749,0
Unknown_Spoofing,AA:BB:CC,6.498596876059315,9.280547248989487,572.0221380765097,2,0.07977541536722443,0
Unknown_Relay,BB:CC:DD,5.517623859118377,5.223961221010273,482.0539504187724,3,0.11108600835168503,0
Unknown_MITM,CC:DD:EE,6.174382299645169,11.23022338364925,416.1150035804661,2,0.08886322903988389,0
Unknown_Relay,BB:CC:DD,3.1621428820491797,8.20061293733681,364.8866903318105,3,0.06046606339078963,0
Unknown_Relay,BB:CC:DD,5.19561975918816,7.686538791347932,483.49011909202284,1,0.0900155272865399,0
Unknown_Cloning,00:25:96,6.766065334815997,13.413140718650938,504.5369036326139,1,0.09830118555483786,0
Unknown_MITM,CC:DD:EE,6.824232458552123,9.923635268158279,377.30869445675387,2,0.09079626022057265,0
Unknown_Spoofing,00:25:96,8.12674839106559,13.312970337435093,591.4579482202099,0,0.149209218702882,0
Unknown_Cloning,20:AB,8.082308364286218,10.158202534173462,522.2756641506135,0,0.11691836521991429,0
Unknown_MITM,CC:DD:EE,6.149975014692938,6.3943972992733595,300.70424216023594,2,0.12689801952286295,0
Unknown_Relay,BB:CC:DD,3.36379468007741,5.796333711631846,323.288182410771,1,0.09362444483643173,0
Unknown_MITM,CC:DD:EE,4.713802696393499,6.63670517897634,582.1191101836632,2,0.11334641192357726,0
Unknown_Relay,BB:CC:DD,5.590474351388455,10.407658142337812,250.65008199577102,2,0.12281833571884822,0
Unknown_MITM,CC:DD:EE,6.386891960424869,8.697616281351621,378.75258127996324,1,0.06131359376740236,0
Unknown_Spoofing,00:25:96,8.992889802436203,14.221897582169722,419.3297635421588,1,0.11478223048244357,0
Unknown_Spoofing,00:25:96,5.580422293585801,14.330667942658664,787.5265765933507,1,0.12897617737346345,0
Unknown_MITM,CC:DD:EE,5.11548770504386,13.601689646923441,318.9788015462024,1,0.1193297468551492,0
Unknown_Relay,BB:CC:DD,5.681322563285835,8.708663399490378,400.8045052288388,3,0.06503106224839687,0
Unknown_Relay,BB:CC:DD,5.289922845636632,9.105216586623584,278.3735397360747,3,0.09684612370870865,0
Unknown_Spoofing,AA:BB:CC,5.1238824136900405,9.924269607799614,413.1199497107584,1,0.14358156241111458,0
Unknown_Spoofing,00:25:96,5.337551791579948,9.814507336403905,407.5710562045854,1,0.10162478232000605,0
Unknown_Spoofing,00:25:96,8.686906677806645,13.302283355061721,692.6821090892606,2,0.1304725983741431,0
Unknown_Spoofing,00:25:96,8.01512240434566,11.130496185556495,523.891688700532,1,0.08230710684057511,0
Unknown_Spoofing,00:25:96,6.190694862371383,12.618345483171586,454.7928889238111,1,0.07284258523084201,0
Unknown_Cloning,00:25:96,5.916785199339309,7.934432861871616,445.60586712948077,1,0.07595504332730826,0
Unknown_MITM,CC:DD:EE,7.63375019148906,6.835842534031665,516.0803771842186,2,0.08453439779263303,0
Unknown_Spoofing,AA:BB:CC,5.40781019832111,10.832515199080696,424.97901247900296,0,0.059234583894543225,0
Unknown_MITM,CC:DD:EE,4.158844830288989,12.715264300874175,434.45125410639554,1,0.08988215269240574,0
Unknown_Cloning,20:AB,6.306937821023771,9.403910069061112,631.1421902194949,1,0.09563259238223985,0
Unknown_Spoofing,AA:BB:CC,6.991476722057277,13.892660963201731,720.5408233080994,0,0.0954422319159541,0
Unknown_MITM,CC:DD:EE,5.624328530239084,12.60973900620176,368.2897607458177,2,0.13216493338800722,0
Unknown_MITM,CC:DD:EE,5.413909900513515,11.13767709602158,373.68947221464435,1,0.13744145541964786,0
Unknown_Spoofing,AA:BB:CC,8.108816989403408,9.883365601195141,724.7558574273266,2,0.1473045349514161,0
Unknown_Spoofing,00:25:96,6.073104081814227,8.286847555749233,682.0253136821516,0,0.060075284395957634,0
Unknown_MITM,CC:DD:EE,5.085552752947059,9.77286856592874,513.296382439105,2,0.0627311878746725,0
Unknown_Spoofing,00:25:96,8.841065433968266,12.852185521776923,720.5486141854547,0,0.08583625356578285,0
Unknown_Cloning,20:AB,7.392481477282317,9.622169646729752,651.0257316464274,1,0.07571185039986945,0
Unknown_Relay,BB:CC:DD,4.190182801405157,11.566376974877507,245.94044018132115,2,0.09811256918168457,0
Unknown_Spoofing,AA:BB:CC,6.796493655721003,11.994652052865524,574.2356632050836,1,0.12154362032765405,0
Unknown_Relay,BB:CC:DD,5.057628825259394,10.832898974250934,274.98769437184865,2,0.12304162650197355,0
Unknown_Relay,BB:CC:DD,4.109213432618066,8.402402793318767,294.13464299171864,1,0.12776803762748928,0
Unknown_Relay,BB:CC:DD,3.316540939203603,9.781487026330868,398.21821793274546,1,0.09157743135815741,0
Unknown_Relay,BB:CC:DD,3.1561375162683944,11.18971621750268,458.80254888371775,2,0.10610068364149208,0
Unknown_Relay,BB:CC:DD,4.596913091544499,11.337252798632628,224.91162734305593,1,0.12482337164935092,0
Unknown_MITM,CC:DD:EE,6.339027233349219,12.529822814902403,596.4786345429561,2,0.08861559185938211,0
Unknown_MITM,CC:DD:EE,7.204686013181299,10.835045752662465,359.5628576604605,2,0.0697473583685683,0
Unknown_Relay,BB:CC:DD,5.311235361205931,8.497328883991333,291.56435903865776,3,0.051806021975996056,0
Unknown_Relay,BB:CC:DD,4.224712558038896,6.963242569432567,419.33089490106863,3,0.06717099889736881,0
Unknown_Spoofing,AA:BB:CC,6.1599495705765674,12.402336014465305,447.17546994969337,0,0.052883632692170536,0
Unknown_MITM,CC:DD:EE,4.000971737738051,7.015488461393411,580.0846133505282,1,0.05323232653260904,0
Unknown_Relay,BB:CC:DD,5.3351157136364735,9.26000115221782,491.27141343496083,1,0.12906029647697553,0
Unknown_Relay,BB:CC:DD,3.1906071672717555,7.773731427714841,489.14529835645413,2,0.09041484317770562,0
Unknown_Cloning,20:AB,6.369720285131614,10.222209074786665,362.67254152058473,1,0.14509413518658343,0
Unknown_Relay,BB:CC:DD,3.3433144905505445,7.138029362615096,434.37708613485563,3,0.07522528338551704,0
Unknown_MITM,CC:DD:EE,6.688802654260449,7.574070221373245,568.6958758749531,2,0.1295072881181164,0
Unknown_Cloning,00:25:96,7.704035825391732,10.079669781100456,490.8031373267115,1,0.10720546391813815,0
Unknown_MITM,CC:DD:EE,4.506623491388776,9.365041895030554,444.28248242529105,1,0.05912516591190481,0
Unknown_Relay,BB:CC:DD,3.1568060026847897,9.798770343938363,330.8643251360136,3,0.11193482489588372,0
Unknown_Cloning,20:AB,5.395012663221078,8.922498482373395,580.7726060847376,0,0.07881521357774031,0
Unknown_Cloning,00:25:96,7.78731594311847,7.322601917767606,383.1689648621079,0,0.07947148468564688,0
Unknown_MITM,CC:DD:EE,4.275960034841837,13.966418942239349,386.6429909862269,1,0.10235415938570816,0
Unknown_Spoofing,00:25:96,6.339273378853804,10.31215381289815,407.8902985852702,1,0.08949902705490324,0
Unknown_Spoofing,AA:BB:CC,5.829130090198943,10.644577767365881,526.6737424067704,0,0.07895827046707271,0
Unknown_Cloning,20:AB,4.796514742643877,8.530313253572114,492.5918450639721,1,0.06109202308748066,0
Unknown_Relay,BB:CC:DD,4.992222363599502,6.785610556949787,238.11007279196951,3,0.09675889484987668,0
Unknown_MITM,CC:DD:EE,4.630644107187631,7.392083584128994,528.227792516085,1,0.13981238347128788,0
Unknown_Cloning,00:25:96,6.151491662706993,7.849003348519219,591.0257682925364,0,0.07951088601842853,0
Unknown_Relay,BB:CC:DD,5.7861881078320065,10.630132990688617,248.93440253500364,1,0.1397795806392026,0
Unknown_Spoofing,AA:BB:CC,7.205269562651257,10.516802011640024,450.32093453842054,1,0.09233867490674619,0
Unknown_Cloning,00:25:96,5.909742050121804,11.214074301537721,463.48780584818974,1,0.05969173270669949,0
Unknown_Cloning,00:25:96,7.6623223468031405,13.341627246246011,570.1911525219933,1,0.05053141691548621,0
Unknown_Relay,BB:CC:DD,5.032025538244549,5.170988180584432,323.52430027707294,2,0.11843286504552666,0
Unknown_MITM,CC:DD:EE,4.864543249243683,10.726975383794068,573.9617885442517,2,0.1290849677633179,0
Unknown_Cloning,20:AB,7.722669504940626,8.633908964558916,436.5217916257216,1,0.13598544903351217,0
Unknown_Cloning,00:25:96,8.914632701017844,11.909663756349978,627.7380907800908,1,0.09976879595477721,0
Unknown_MITM,CC:DD:EE,7.033614692136813,6.175892176314589,545.0633957681348,1,0.10966578919970901,0
Unknown_Cloning,20:AB,6.660568030563941,13.525324326517069,371.9527599950606,1,0.06079624481108356,0
Unknown_MITM,CC:DD:EE,4.535042780308009,13.08561530832382,494.76863386228905,2,0.10097355100039371,0
Unknown_MITM,CC:DD:EE,4.564438593330597,10.870383681443148,353.78887057801455,2,0.1476020157524494,0
Unknown_Cloning,00:25:96,5.98220130165398,11.702363240530978,646.5538609374229,1,0.1403301127388759,0
Unknown_Relay,BB:CC:DD,3.22353138545592,8.572749049440947,490.8318127027635,2,0.1284536518684895,0
Unknown_Cloning,00:25:96,6.843933164856986,13.691073885049805,640.56739707435,0,0.11444231696298166,0
Unknown_Relay,BB:CC:DD,3.623311888319185,5.141962204262065,343.82473958813057,2,0.1208676719965507,0
Unknown_MITM,CC:DD:EE,4.498789788494413,10.689665329524072,529.2767022072424,1,0.08377479967348472,0
Unknown_MITM,CC:DD:EE,7.174529657022324,10.93168702583038,595.7767976910053,2,0.05291706685740745,0
Unknown_Relay,BB:CC:DD,5.837353938722867,11.509009503503925,314.4246031350069,1,0.12467433077981598,0
Unknown_Cloning,00:25:96,6.727422576206075,8.04745001701422,593.6775026424453,1,0.10435396465750757,0
Unknown_Spoofing,AA:BB:CC,5.843709344426047,12.707656829666975,681.7036298009679,0,0.1364230602261557,0
Unknown_MITM,CC:DD:EE,4.443979255687243,7.416971660819356,428.59944731684544,1,0.09318051007859121,0
Unknown_Relay,BB:CC:DD,4.195201399828273,6.992170561751429,250.99694390529118,1,0.09626192719337295,0
Unknown_Spoofing,AA:BB:CC,8.286310767043352,11.881423800248196,471.91912539803013,2,0.05124255937939323,0
Unknown_Spoofing,00:25:96,5.18035542402156,13.118547769112723,748.7940384979828,1,0.11466211336575553,0
Unknown_Relay,BB:CC:DD,5.88690894952283,10.838970623665094,346.9112095573565,1,0.06973139705760599,0
Unknown_Relay,BB:CC:DD,4.044080889566158,11.245070418089727,341.14199590314706,3,0.06585361584999236,0
Unknown_Cloning,20:AB,5.0967179583606494,8.867170155665015,508.67971196145504,0,0.12039134261281077,0
Unknown_Cloning,20:AB,8.85538058023446,13.903768218657154,507.091092613227,0,0.06563314383928386,0
Unknown_Cloning,00:25:96,6.286002268900678,12.948354157098358,553.2579989290732,1,0.07937618730273863,0
Unknown_MITM,CC:DD:EE,4.907348409301981,10.604008147752472,427.03164146993777,2,0.08239792747100996,0
